language,outcome,predictor,n,coef,std_error,p_raw,IRR,IRR_CI_low,IRR_CI_high,used_regularized,sig_raw,p_adj_bh_global,sig_bh_global,p_adj_bonf_global,sig_bonf_global,p_adj_bh_by_language,sig_bh_by_language,p_adj_bonf_by_language,sig_bonf_by_language,p_adj_bh_by_outcome,sig_bh_by_outcome,p_adj_bonf_by_outcome,sig_bonf_by_outcome
Java,bugs,staleness_days,262,-0.001378235475001557,0.000763818745711043,0.07116843228269622,0.9986227138553271,0.997128836987789,1.0001188288168932,False,False,0.15622338793762586,False,1.0,False,0.21350529684808867,False,1.0,False,0.14233686456539243,False,1.0,False
Java,bugs,commits_last_12m,262,-0.00024278927119271367,0.001857178467074419,0.895988758781137,0.9997572401997372,0.9961247361112847,1.0034029907075128,False,False,0.9584737255380957,False,1.0,False,0.958790176069893,False,1.0,False,0.9599879558369325,False,1.0,False
Java,bugs,repo_age_days,262,-0.0002479283371849787,0.00021924041360005988,0.2581176253103744,0.9997521023945054,0.99932259788868,1.000181791499499,False,False,0.39373875047345247,False,1.0,False,0.44818140237191667,False,1.0,False,0.36655723073114155,False,1.0,False
Java,bugs,log_stars,262,0.3285610472446028,0.17231049263585088,0.056546942528402214,1.388968030411074,0.9908805244851772,1.9469876961265054,False,False,0.129387071887022,False,1.0,False,0.19084593103335748,False,1.0,False,0.1304929442963128,False,1.0,False
Java,bugs,log_forks,262,-0.15898646259475246,0.16968599170797755,0.34878678608483693,0.8530079064046785,0.6116684479271415,1.189570086301988,False,False,0.4904814179318019,False,1.0,False,0.5090401742859781,False,1.0,False,0.45493928619761337,False,1.0,False
Java,bugs,owner_is_org,262,1.0914010441545374,0.3325613359512192,0.0010314535998582628,2.978444082368235,1.5520750895608297,5.715657194333622,False,True,0.005569849439234619,True,0.27849247196173094,False,0.011139698878469238,True,0.05569849439234619,False,0.0038679509994684856,True,0.030943607995747885,True
Java,code_smells,staleness_days,262,-0.0030368573328169515,0.0006046500129845609,5.100203630481139e-07,0.9969677492540507,0.9957869503182346,0.9981499483750433,False,True,8.100323413117103e-06,True,0.00013770549802299075,True,1.3770549802299074e-05,True,2.754109960459815e-05,True,7.650305445721707e-06,True,1.5300610891443414e-05,True
Java,code_smells,commits_last_12m,262,0.002270461361806129,0.002039437603063386,0.265588979183358,1.0022730408110143,0.9982747271083751,1.006287368654882,False,False,0.4006090747458472,False,1.0,False,0.44818140237191667,False,1.0,False,0.4116963325943671,False,1.0,False
Java,code_smells,repo_age_days,262,-0.00043917085170014196,0.00022484934436624865,0.05079847592080087,0.9995609255697027,0.9991205195012733,1.000001525766369,False,False,0.11823783188462271,False,1.0,False,0.1828745133148831,False,1.0,False,0.12699618980200217,False,1.0,False
Java,code_smells,log_stars,262,0.009239141492988632,0.24510844461041867,0.9699315825447803,1.0092819541097824,0.6242748254005605,1.6317333671721477,False,False,0.9808296902138227,False,1.0,False,0.9790885878811886,False,1.0,False,0.9984616418978622,False,1.0,False
Java,code_smells,log_forks,262,0.009629373581487877,0.24117244801543475,0.9681510567859419,1.0096758851718908,0.6293549087304443,1.6198259185013755,False,False,0.9808296902138227,False,1.0,False,0.9790885878811886,False,1.0,False,0.9984616418978622,False,1.0,False
Java,code_smells,owner_is_org,262,0.21343178674598992,0.38278952491069357,0.5771383478011951,1.2379190529011725,0.5846032331783061,2.62133955914735,False,False,0.711540428795994,False,1.0,False,0.677510234375316,False,1.0,False,0.7527891493059066,False,1.0,False
Java,vulnerabilities,staleness_days,262,0.0007465101134778719,0.0009046371317746848,0.4092558244328248,1.0007467888215011,0.9989739806343041,1.0025227430855024,False,False,0.5524953629843136,False,1.0,False,0.5331226790566858,False,1.0,False,0.5183137157495555,False,1.0,False
Java,vulnerabilities,commits_last_12m,262,0.002134377819484181,0.002038104098763566,0.29499033016606224,1.0021366572252381,0.9981414963498394,1.0061478091304445,False,False,0.4282117695958968,False,1.0,False,0.46851405379315764,False,1.0,False,0.44248549524909336,False,1.0,False
Java,vulnerabilities,repo_age_days,262,-0.0002000101914208057,0.0002451897645569352,0.41465097259964445,0.9998000098092841,0.9993196582381486,1.0002805922751388,False,False,0.5569938437905672,False,1.0,False,0.5331226790566858,False,1.0,False,0.5183137157495555,False,1.0,False
Java,vulnerabilities,log_stars,262,0.37582218391728556,0.23378243727100675,0.10792887024633782,1.4561881770710936,0.9209192036385366,2.3025733404881086,False,False,0.21116518091674794,False,1.0,False,0.25339821710009747,False,1.0,False,0.21585774049267564,False,1.0,False
Java,vulnerabilities,log_forks,262,0.21448300363345074,0.16203562246198464,0.18560997728248463,1.2392210585401502,0.9020358807537134,1.702447612888983,False,False,0.3132168366641928,False,1.0,False,0.3854976451251604,False,1.0,False,0.3093499621374744,False,1.0,False
Java,vulnerabilities,owner_is_org,262,-1.9532510329057207,0.48958638569182916,6.618641446550766e-05,0.14181228494666254,0.05432217716472338,0.3702120425109404,False,True,0.0005584478720527208,True,0.017870331905687067,True,0.0008935165952843534,True,0.0035740663811374136,True,0.0006618641446550765,True,0.0019855924339652296,True
Java,security_hotspots,staleness_days,262,0.0002399176315490329,0.0007780832244450022,0.7578202584561903,1.0002399464140859,0.9987157279188055,1.001766491138899,False,False,0.856114936331261,False,1.0,False,0.8351488562578423,False,1.0,False,0.8952164500287305,False,1.0,False
Java,security_hotspots,commits_last_12m,262,0.0011578428096875439,0.0017041342256557852,0.49686437151465856,1.001158513368449,0.9978201803676029,1.004508015182518,False,False,0.6297227353173186,False,1.0,False,0.5962372458175903,False,1.0,False,0.651017707043025,False,1.0,False
Java,security_hotspots,repo_age_days,262,-0.0005069938801116035,0.0002353439383295119,0.03121917258806081,0.9994931346195686,0.9990322090887767,0.9999542728085139,False,True,0.08183666600753804,False,1.0,False,0.12967963998117568,False,1.0,False,0.08514319796743858,False,0.9365751776418243,False
Java,security_hotspots,log_stars,262,0.16457230298275272,0.19375342759523734,0.3956640885796817,1.1788888036470677,0.8063983425915999,1.7234395682138295,False,False,0.5395419389722933,False,1.0,False,0.5331226790566858,False,1.0,False,0.5652344122566882,False,1.0,False
Java,security_hotspots,log_forks,262,0.14414504785825327,0.14739841153884933,0.3281098883840702,1.155051634140708,0.8652381170239589,1.5419388620094472,False,False,0.46626142033525764,False,1.0,False,0.49216483257610527,False,1.0,False,0.5468498139734503,False,1.0,False
Java,security_hotspots,owner_is_org,262,-0.35660984228951187,0.4195578360367915,0.39534406022223445,0.7000455726378652,0.3076082902385344,1.5931423804925975,False,False,0.5395419389722933,False,1.0,False,0.5331226790566858,False,1.0,False,0.5652344122566882,False,1.0,False
Java,vuln_blocker,staleness_days,262,0.001289466575052076,0.001068192349137954,0.22737503785901203,1.0012902982945293,0.9991961712857146,1.0033888141991933,False,False,0.3654241679876979,False,1.0,False,0.4336119890332103,False,1.0,False,0.40125006681002123,False,1.0,False
Java,vuln_blocker,commits_last_12m,262,0.002604617649043732,0.0016032548969158416,0.10425184098628522,1.00260801261248,0.999462440330051,1.005763484841705,False,False,0.20850368197257044,False,1.0,False,0.25339821710009747,False,1.0,False,0.1954722018492848,False,1.0,False
Java,vuln_blocker,repo_age_days,262,-0.0005180456623932617,0.00020555967915528387,0.011729763994576477,0.9994820885000925,0.9990794887004903,0.9998848505356333,False,True,0.0406030292119955,True,1.0,False,0.06334072557071298,False,0.6334072557071297,False,0.035189291983729436,True,0.3518929198372943,False
Java,vuln_blocker,log_stars,262,0.0739384555429431,0.2262765187993363,0.7438482780286467,1.0767405360453,0.6910415188515386,1.6777142188068672,False,False,0.8448278272770101,False,1.0,False,0.8351488562578423,False,1.0,False,0.892617933634376,False,1.0,False
Java,vuln_blocker,log_forks,262,0.18234546282746297,0.15796566614134727,0.24836242287798005,1.2000286875831119,0.8805033436543998,1.6355063968816423,False,False,0.383256494201507,False,1.0,False,0.44705236118036407,False,1.0,False,0.4086160480639645,False,1.0,False
Java,vuln_blocker,owner_is_org,262,-0.4112564486121467,0.41491788637431903,0.3215998855992419,0.6628169313213466,0.29391032874151146,1.4947629990663776,False,False,0.46121725219259074,False,1.0,False,0.49216483257610527,False,1.0,False,0.45942840799891704,False,1.0,False
Java,vuln_critical,staleness_days,262,-0.002789430826816328,0.0006327209107985046,1.0402775651007246e-05,0.997214456020482,0.9959785666824182,0.9984518789482304,False,True,0.00011703122607383151,True,0.0028087494257719565,True,0.00018724996171813043,True,0.0005617498851543912,True,0.00010402775651007245,True,0.00031208326953021737,True
Java,vuln_critical,commits_last_12m,262,0.003619996972833118,0.0021997643655790908,0.09984007677066184,1.0036265570753367,0.9993087770465525,1.007962993224036,False,False,0.20268286261713306,False,1.0,False,0.25339821710009747,False,1.0,False,0.15939428288064839,False,1.0,False
Java,vuln_critical,repo_age_days,262,-0.0005443334281017805,0.00020230134966669003,0.007130102826224505,0.9994558146944614,0.99905960566069,0.999852180857595,False,True,0.027501825186865947,True,1.0,False,0.055003650373731894,False,0.38502555261612326,False,0.02376700942074835,True,0.21390308478673514,False
Java,vuln_critical,log_stars,262,0.29657960839607783,0.1836155037472752,0.10626285525376558,1.3452496489014805,0.9386616771226868,1.9279540882257857,False,False,0.21096302145968168,False,1.0,False,0.25339821710009747,False,1.0,False,0.15939428288064839,False,1.0,False
Java,vuln_critical,log_forks,262,-0.19943689220436853,0.1870403609846427,0.2862983051650919,0.8191919165777584,0.5677754554186655,1.181938017541643,False,False,0.42011164344877616,False,1.0,False,0.46848813572469583,False,1.0,False,0.3181092279612132,False,1.0,False
Java,vuln_critical,owner_is_org,262,0.6721443594627915,0.2904735641317438,0.02066988786282396,1.9584324042030445,1.1082992524564659,3.460669555926796,False,True,0.06132823871387329,False,1.0,False,0.10147035859931762,False,1.0,False,0.0514708295181883,False,0.6200966358847187,False
Java,vuln_major,staleness_days,262,-0.002987965904432206,0.0005334381656974027,2.1270711702010507e-08,0.9970164936229465,0.9959746380796698,0.9980594390162371,False,True,5.220992872311669e-07,True,5.7430921595428365e-06,True,1.1486184319085675e-06,True,1.1486184319085673e-06,True,2.1270711702010507e-07,True,6.381213510603152e-07,True
Java,vuln_major,commits_last_12m,262,0.0015878750029754574,0.002095122762421962,0.4485161478804066,1.001589136344017,0.9974846785810663,1.005710483161897,False,False,0.579422774773731,False,1.0,False,0.5504516360350445,False,1.0,False,0.5175186321697,False,1.0,False
Java,vuln_major,repo_age_days,262,-0.0003705066371074103,0.00016544617283795028,0.02512735625950528,0.9996295619920006,0.9993054661231373,0.9999537629719993,False,True,0.06922843051088189,False,1.0,False,0.11307310316777376,False,1.0,False,0.07538206877851585,False,0.7538206877851583,False
Java,vuln_major,log_stars,262,0.40418605167306043,0.15946626549212514,0.011257003756940148,1.498082641813405,1.0959679162024039,2.04773476351306,False,True,0.03999198703123473,True,1.0,False,0.06334072557071298,False,0.607878202874768,False,0.042213764088525556,True,0.33771011270820445,False
Java,vuln_major,log_forks,262,-0.3309362309395052,0.16052286190723467,0.03924446950456996,0.7182509697697618,0.5243712993873502,0.9838152015145325,False,True,0.10046389198886421,False,1.0,False,0.15137152523191272,False,1.0,False,0.08957784680484143,False,1.0,False
Java,vuln_major,owner_is_org,262,0.650434405275579,0.25433175790607054,0.01054502834550208,1.9163731308206662,1.1641058942989126,3.1547696773266245,False,True,0.03847510342277786,True,1.0,False,0.06334072557071298,False,0.5694315306571123,False,0.042213764088525556,True,0.3163508503650624,False
Java,vuln_minor,staleness_days,262,-0.0024303387614651624,0.0008123098034918562,0.0027725929422009045,0.9975726121207507,0.9959856424417177,0.9991621104233449,False,True,0.012688137193122782,True,0.7486000943942442,False,0.02495333647980814,True,0.14972001887884884,False,0.010397223533253392,True,0.08317778826602713,False
Java,vuln_minor,commits_last_12m,262,0.007062954846716387,0.0037777794978484636,0.06153871219063798,1.0070879563391095,0.999658701345041,1.014572424006956,False,False,0.13846210242893547,False,1.0,False,0.1954759093114383,False,1.0,False,0.12307742438127596,False,1.0,False
Java,vuln_minor,repo_age_days,262,-0.00025253744217951316,0.00032728201875378393,0.44033936071357715,0.9997474944427163,0.9991064010857966,1.0003889991679265,False,False,0.5743556878872745,False,1.0,False,0.5504516360350445,False,1.0,False,0.5504242008919714,False,1.0,False
Java,vuln_minor,log_stars,262,-0.47181043957561936,0.29335411227629554,0.10776275930902214,0.6238717631057935,0.35106849421011765,1.1086610824376113,False,False,0.21116518091674794,False,1.0,False,0.25339821710009747,False,1.0,False,0.20205517370441653,False,1.0,False
Java,vuln_minor,log_forks,262,0.37502909933587414,0.314355531708243,0.23286569781413147,1.4550337545180978,0.7857658582853627,2.6943436196208044,False,False,0.3701218370769146,False,1.0,False,0.4336119890332103,False,1.0,False,0.3461136545268221,False,1.0,False
Java,vuln_minor,owner_is_org,262,-0.4236512923889999,0.48713175658602414,0.3844724476054413,0.6546521242899154,0.2519783794402687,1.7008181606267165,False,False,0.5296304125176997,False,1.0,False,0.5331226790566858,False,1.0,False,0.5014858012244886,False,1.0,False
Java,vuln_info,staleness_days,262,-0.00043938207704122544,0.000950396511976986,0.6438558113276527,0.9995607144371276,0.9977005228459463,1.0014243743163136,False,False,0.7624608292037992,False,1.0,False,0.7397492300360266,False,1.0,False,0.8397242955780274,False,1.0,False
Java,vuln_info,commits_last_12m,262,9.31267008304665e-05,0.000784647120890578,0.9055240551771212,1.0000931310372563,0.9985562897570733,1.0016323376133616,False,False,0.9625649405426091,False,1.0,False,0.958790176069893,False,1.0,False,0.936749022597022,False,1.0,False
Java,vuln_info,repo_age_days,262,-0.0003997629446832155,0.00029899410400214,0.18121409139344857,0.999600316949876,0.99901470510198,1.00018627207724,False,False,0.309669649849564,False,1.0,False,0.3854976451251604,False,1.0,False,0.3883159101288184,False,1.0,False
Java,vuln_info,log_stars,262,-0.26948687335135935,0.21321989731188537,0.2062688762609295,0.7637713052141275,0.5028867954949832,1.1599958716241763,False,False,0.33958900360031075,False,1.0,False,0.412537752521859,False,1.0,False,0.412537752521859,False,1.0,False
Java,vuln_info,log_forks,262,0.3012190701463527,0.19050853765430617,0.11384794936756681,1.3515053835920237,0.9303719724703193,1.9632650766857596,False,False,0.219563902351736,False,1.0,False,0.25615788607702533,False,1.0,False,0.31049440736609135,False,1.0,False
Java,vuln_info,owner_is_org,262,0.010950550297487592,0.4177754511553894,0.9790885878811886,1.0110107270289121,0.44580471232630886,2.292803691629368,False,False,0.9854941525698373,False,1.0,False,0.9790885878811886,False,1.0,False,0.9790885878811886,False,1.0,False
Python,bugs,staleness_days,3356,0.0006828839382084117,0.0014979699652703023,0.648481365566926,1.000683117156529,0.9977494530432279,1.0036254070677229,False,False,0.7645850161706116,False,1.0,False,0.9069022392242697,False,1.0,False,0.7205348506299178,False,1.0,False
Python,bugs,commits_last_12m,3356,-2.7878690192175832e-05,2.415355263397859e-05,0.24840698698245822,0.9999721216984149,0.9999247840454083,1.0000194615924434,False,False,0.383256494201507,False,1.0,False,0.6556131258541684,False,1.0,False,0.36655723073114155,False,1.0,False
Python,bugs,repo_age_days,3356,0.0007781709608789606,0.000456188919941207,0.08804373037644359,1.0007784738144534,0.9998840638287654,1.0016736838621199,False,False,0.18146417711175397,False,1.0,False,0.39619678669399616,False,1.0,False,0.16508199445583172,False,1.0,False
Python,bugs,log_stars,3356,1.1708048064067613,0.3212071621799286,0.00026737658767464896,3.224586762590337,1.7181537908969196,6.051821347171044,False,True,0.0018047919668038805,True,0.07219167867215522,False,0.007219167867215522,True,0.014438335734431044,True,0.0016042595260478939,True,0.008021297630239468,True
Python,bugs,log_forks,3356,-0.853273072914318,0.18842765579167522,5.943606068746193e-06,0.4260182586654177,0.2944681320926636,0.6163368355907618,False,True,7.175638311813864e-05,True,0.0016047736385614722,True,0.0003209547277122945,True,0.0003209547277122944,True,8.91540910311929e-05,True,0.0001783081820623858,True
Python,bugs,owner_is_org,3356,0.4572221726396213,0.5816589712146919,0.43182899138899944,1.579679806897747,0.5051961737711486,4.939444164220653,False,False,0.5709114943712152,False,1.0,False,0.8479321001751919,False,1.0,False,0.5181947896667993,False,1.0,False
Python,code_smells,staleness_days,3356,-0.00024017540527117016,0.000470137801230456,0.6094478882211882,0.9997598534345326,0.9988390458658353,1.00068150987531,False,False,0.7378965462767749,False,1.0,False,0.9069022392242697,False,1.0,False,0.7618098602764852,False,1.0,False
Python,code_smells,commits_last_12m,3356,0.00029756001161754687,0.0004877637412328266,0.5418290379607986,1.0002976042869893,0.9993417773694592,1.0012543454113672,False,False,0.671072661694567,False,1.0,False,0.9069022392242697,False,1.0,False,0.7388577790374528,False,1.0,False
Python,code_smells,repo_age_days,3356,0.00028292697776167595,0.0001897191928899583,0.13588448436791084,1.000282967005374,0.9999110881454146,1.0006549841715169,False,False,0.2512932245159995,False,1.0,False,0.5474445363189314,False,1.0,False,0.2717689687358217,False,1.0,False
Python,code_smells,log_stars,3356,-0.23133614184070916,0.16809764219467915,0.16875941525841154,0.7934727018279039,0.5707514423691756,1.1031052780745036,False,False,0.2976822003996464,False,1.0,False,0.5474445363189314,False,1.0,False,0.31642390360952166,False,1.0,False
Python,code_smells,log_forks,3356,0.009930510623083644,0.1673753035525579,0.9526886296408191,1.0099799817659985,0.7275161679178405,1.4021125695219507,False,False,0.9764748797028321,False,1.0,False,0.954775437931658,False,1.0,False,0.9984616418978622,False,1.0,False
Python,code_smells,owner_is_org,3356,-0.38785324430363677,0.29820107657431566,0.19338056473820076,0.6785119114458814,0.3782058652533056,1.2172693664219156,False,False,0.32239211115820327,False,1.0,False,0.5497633895539887,False,1.0,False,0.3412598201262366,False,1.0,False
Python,vulnerabilities,staleness_days,3356,-0.00025497632107341153,0.0005879973008255824,0.664553376802683,0.9997450561826261,0.9985935601112084,1.0008978800647323,False,False,0.7767507001589802,False,1.0,False,0.9069022392242697,False,1.0,False,0.6874690104855341,False,1.0,False
Python,vulnerabilities,commits_last_12m,3356,0.00036132202774455597,0.0004953856385641271,0.4657721484664248,1.000361387312411,0.9993905697957705,1.0013331478904326,False,False,0.5988499051711176,False,1.0,False,0.8672998626616185,False,1.0,False,0.5589265781597097,False,1.0,False
Python,vulnerabilities,repo_age_days,3356,0.0002560118273568893,0.0002691125597520864,0.3414425851975462,1.0002560446011814,0.9997285977387143,1.0007837697393662,False,False,0.4826675288132853,False,1.0,False,0.7537550035060578,False,1.0,False,0.4812010098300519,False,1.0,False
Python,vulnerabilities,log_stars,3356,-0.3786685059298859,0.1893072584931853,0.04546947707843909,0.6847725730935392,0.472506434293563,0.9923959608342938,False,True,0.10769086676472416,False,1.0,False,0.2455351762235711,False,1.0,False,0.1049295624887056,False,1.0,False
Python,vulnerabilities,log_forks,3356,0.3862482594016814,0.15321817457346074,0.011705388998188673,1.4714499267521766,1.0897476497652587,1.9868497880269633,False,True,0.0406030292119955,True,1.0,False,0.1625166200812951,False,0.6320910059021884,False,0.050165952849380024,False,0.35116166994566017,False
Python,vulnerabilities,owner_is_org,3356,-0.95678150646674,0.4237319118109192,0.023946417238737777,0.3841272095182261,0.16741478679544322,0.8813660723562522,False,True,0.0677152583672063,False,1.0,False,0.1625166200812951,False,1.0,False,0.08730080869009715,False,0.7183925171621333,False
Python,security_hotspots,staleness_days,3356,-0.00038993970120899745,0.00042259848159265144,0.3561535965174647,0.9996101363153953,0.9987825242206679,1.0004384341868187,False,False,0.49567768587482197,False,1.0,False,0.7537550035060578,False,1.0,False,0.5623477839749443,False,1.0,False
Python,security_hotspots,commits_last_12m,3356,0.00012052330480269242,0.0004899644816787985,0.8056948050258574,1.000120530568028,0.9991605630914653,1.0010814203563694,False,False,0.8989156915577748,False,1.0,False,0.954775437931658,False,1.0,False,0.8952164500287305,False,1.0,False
Python,security_hotspots,repo_age_days,3356,1.917460140448153e-05,0.00017382606422430434,0.9121642190944149,1.0000191747852383,0.9996785334573957,1.000359932186909,False,False,0.9658209378646746,False,1.0,False,0.954775437931658,False,1.0,False,0.9300538937183488,False,1.0,False
Python,security_hotspots,log_stars,3356,0.03174061706404052,0.18586274543574402,0.8644010820614471,1.0322497226137946,0.717097352497398,1.4859063223777864,False,False,0.9373149707100487,False,1.0,False,0.954775437931658,False,1.0,False,0.9261440164944076,False,1.0,False
Python,security_hotspots,log_forks,3356,0.016224531639668506,0.18483800846593976,0.9300538937183488,1.0163568640616485,0.707476187038227,1.46009334879481,False,False,0.9764748797028321,False,1.0,False,0.954775437931658,False,1.0,False,0.9300538937183488,False,1.0,False
Python,security_hotspots,owner_is_org,3356,-0.3957533254025192,0.2899904040116838,0.17234365032262655,0.6731727300705683,0.38131705935886706,1.1884113584443137,False,False,0.30021151991683337,False,1.0,False,0.5474445363189314,False,1.0,False,0.36930782211991403,False,1.0,False
Python,vuln_blocker,staleness_days,3356,-9.399290806524286e-05,0.0003508391946444698,0.7887695188636157,0.9999060115091297,0.9992186802953884,1.0005938155164713,False,False,0.8836836933326815,False,1.0,False,0.954775437931658,False,1.0,False,0.9101186756118642,False,1.0,False
Python,vuln_blocker,commits_last_12m,3356,7.95985617819471e-05,0.0006217189570313872,0.8981253798560674,1.0000796017298315,0.9988617001528275,1.0012989882814332,False,False,0.9584737255380957,False,1.0,False,0.954775437931658,False,1.0,False,0.954775437931658,False,1.0,False
Python,vuln_blocker,repo_age_days,3356,0.00025688315375259736,0.0001138714050048338,0.024076536308340016,1.0002569161510553,1.000033699868902,1.0004801822570384,False,True,0.0677152583672063,False,1.0,False,0.1625166200812951,False,1.0,False,0.0508184170724421,False,0.7222960892502005,False
Python,vuln_blocker,log_stars,3356,0.0055461842411382856,0.08452902841650442,0.9476861169347192,1.0055615927940103,0.8520350051812197,1.1867518479330132,False,False,0.9764748797028321,False,1.0,False,0.954775437931658,False,1.0,False,0.954775437931658,False,1.0,False
Python,vuln_blocker,log_forks,3356,0.004259610113215094,0.07511087119106943,0.954775437931658,1.004268695147361,0.8667930804076212,1.1635482964154444,False,False,0.9764748797028321,False,1.0,False,0.954775437931658,False,1.0,False,0.954775437931658,False,1.0,False
Python,vuln_blocker,owner_is_org,3356,-0.3856250950579604,0.16523779484779932,0.019608375149982035,0.6800254227879586,0.49189735030730075,0.9401038150521592,False,True,0.05948608191567584,False,1.0,False,0.1625166200812951,False,1.0,False,0.045250096499958536,True,0.588251254499461,False
Python,vuln_critical,staleness_days,3356,-2.3271005021224215e-05,0.00034863213061199646,0.9467811619734209,0.9999767292657465,0.9992936721421716,1.0006602532861377,False,False,0.9764748797028321,False,1.0,False,0.954775437931658,False,1.0,False,0.9467811619734209,False,1.0,False
Python,vuln_critical,commits_last_12m,3356,0.00030188004203106236,0.00048780390464204474,0.5360116741406964,1.0003019256123964,0.9993460158982983,1.0012587496878538,False,False,0.6669269678248296,False,1.0,False,0.9069022392242697,False,1.0,False,0.5742982222936033,False,1.0,False
Python,vuln_critical,repo_age_days,3356,0.0002598601128201289,0.00011371686665778035,0.022304026124548265,1.000259893879384,1.0000369798334734,1.0004828576141291,False,True,0.0644592654664509,False,1.0,False,0.1625166200812951,False,1.0,False,0.0514708295181883,False,0.6691207837364479,False
Python,vuln_critical,log_stars,3356,-0.10719446252406273,0.09420725128575155,0.2551798346966817,0.8983509604080762,0.7468900584480862,1.0805264294761086,False,False,0.3914690645915003,False,1.0,False,0.6556131258541684,False,1.0,False,0.2944382708038635,False,1.0,False
Python,vuln_critical,log_forks,3356,0.12495561717269374,0.08782455970466532,0.15479799245518938,1.133098161850763,0.9539181987011073,1.3459345320571536,False,False,0.27863638641934085,False,1.0,False,0.5474445363189314,False,1.0,False,0.21108817152980372,False,1.0,False
Python,vuln_critical,owner_is_org,3356,-0.37880419027224255,0.20109517847137695,0.0596047570808412,0.6846796664804241,0.4616521943304765,1.0154533032635416,False,False,0.13523768413300105,False,1.0,False,0.29260517112412954,False,1.0,False,0.1051848654367786,False,1.0,False
Python,vuln_major,staleness_days,3356,6.843979198984881e-05,0.00029981086301068756,0.8194312471395522,1.0000684421340458,0.9994809560482564,1.0006562735389721,False,False,0.9064243167378057,False,1.0,False,0.954775437931658,False,1.0,False,0.877962050506663,False,1.0,False
Python,vuln_major,commits_last_12m,3356,0.00020883187888981496,0.0004399569357727059,0.6350262222097203,1.0002088536857845,0.9993467455936555,1.001071705494112,False,False,0.7586596460027631,False,1.0,False,0.9069022392242697,False,1.0,False,0.7055846913441336,False,1.0,False
Python,vuln_major,repo_age_days,3356,0.00021828780100937402,0.00010598799682308337,0.0394413798178504,1.000218311627525,1.0000105552001484,1.0004261112171793,False,True,0.10046389198886421,False,1.0,False,0.23664827890710238,False,1.0,False,0.08957784680484143,False,1.0,False
Python,vuln_major,log_stars,3356,0.08334629045337016,0.07909649518164089,0.2920068938167275,1.0869181327587059,0.9308287213456791,1.2691819668088458,False,False,0.4261722234081969,False,1.0,False,0.6855814028740559,False,1.0,False,0.38087855715225327,False,1.0,False
Python,vuln_major,log_forks,3356,-0.06669285098867125,0.07330359586158151,0.36291907576217597,0.9354824897361819,0.810288226994391,1.0800199971424038,False,False,0.5025033356707052,False,1.0,False,0.7537550035060578,False,1.0,False,0.45364884470271993,False,1.0,False
Python,vuln_major,owner_is_org,3356,-0.21057735925277293,0.16192234642922468,0.19343526669492195,0.8101163827312059,0.5898191428917059,1.1126945632044227,False,False,0.32239211115820327,False,1.0,False,0.5497633895539887,False,1.0,False,0.26377536367489357,False,1.0,False
Python,vuln_minor,staleness_days,3356,-2.316648856538414e-05,0.00032209054389143615,0.942661282642106,0.9999768337797756,0.9993457617528784,1.0006083043192984,False,False,0.9764748797028321,False,1.0,False,0.954775437931658,False,1.0,False,0.942661282642106,False,1.0,False
Python,vuln_minor,commits_last_12m,3356,0.00021067553625558392,0.0004750943217533107,0.657447949941623,1.000210697729905,0.9992797672685574,1.0011424954474026,False,False,0.771786723844514,False,1.0,False,0.9069022392242697,False,1.0,False,0.7585937883941803,False,1.0,False
Python,vuln_minor,repo_age_days,3356,0.0002841394632075769,0.00011323538726214546,0.012097703120609527,1.0002841798346485,1.0000622041169942,1.0005062048224571,False,True,0.040985607211061544,True,1.0,False,0.1625166200812951,False,0.6532759685129145,False,0.03311968259479721,True,0.3629310936182858,False
Python,vuln_minor,log_stars,3356,0.02862423454093488,0.08790266107332448,0.7447000847849201,1.0290378449379243,0.8661806275614693,1.2225150882162168,False,False,0.8448278272770101,False,1.0,False,0.954775437931658,False,1.0,False,0.7978929479838429,False,1.0,False
Python,vuln_minor,log_forks,3356,-0.04426643667194634,0.08039749561063984,0.5819115284213181,0.9566990238087584,0.8172235222332364,1.1199788029295261,False,False,0.7141641485170722,False,1.0,False,0.9069022392242697,False,1.0,False,0.6982938341055817,False,1.0,False
Python,vuln_minor,owner_is_org,3356,-0.2489859804840083,0.18136010483721304,0.16978910689461313,0.7795909027952164,0.5463774431766251,1.1123482188202123,False,False,0.2976822003996464,False,1.0,False,0.5474445363189314,False,1.0,False,0.29616659213795693,False,1.0,False
Python,vuln_info,staleness_days,3356,8.218562227215088e-05,0.00039754584123004256,0.8362188201902828,1.000082188999603,0.9993032529323015,1.0008617322313413,False,False,0.9140853500055722,False,1.0,False,0.954775437931658,False,1.0,False,0.9291320224336476,False,1.0,False
Python,vuln_info,commits_last_12m,3356,-7.733753350492091e-06,1.0008051788430342e-05,0.43966849638713656,0.9999922662765549,0.999972651199574,1.0000118817382975,False,False,0.5743556878872745,False,1.0,False,0.8479321001751919,False,1.0,False,0.6942134153481104,False,1.0,False
Python,vuln_info,repo_age_days,3356,0.00015906004341683866,0.00014332808172334691,0.267101643866513,1.0001590726941363,0.9998781495896303,1.0004400747260502,False,False,0.40065246579976954,False,1.0,False,0.6556131258541684,False,1.0,False,0.47135584211737597,False,1.0,False
Python,vuln_info,log_stars,3356,-0.051523959350756376,0.1047879068335452,0.6229331550257995,0.9497808935560158,0.7734420872908941,1.1663235820586877,False,False,0.7475976399259603,False,1.0,False,0.9069022392242697,False,1.0,False,0.8397242955780274,False,1.0,False
Python,vuln_info,log_forks,3356,0.06388678131706348,0.09776883567436635,0.5134679562229973,1.0659717040168077,0.8800851494827018,1.2911201540355397,False,False,0.6448202240939966,False,1.0,False,0.9069022392242697,False,1.0,False,0.770201934334496,False,1.0,False
Python,vuln_info,owner_is_org,3356,0.08744366898623801,0.2063776343670998,0.671779436462422,1.0913807841253735,0.7282950229389189,1.6354800986440519,False,False,0.781812275193336,False,1.0,False,0.9069022392242697,False,1.0,False,0.8397242955780274,False,1.0,False
C#,bugs,staleness_days,215,-0.0006997432053590746,0.0008674660492934392,0.4198670178799545,0.9993005015578239,0.9976029321467623,1.0010009596351197,False,False,0.5590376754456209,False,1.0,False,0.5278355726300514,False,1.0,False,0.5181947896667993,False,1.0,False
C#,bugs,commits_last_12m,215,0.021906734227827518,0.015934789839069104,0.1692015316116805,1.022148448560389,0.9907184619112882,1.0545755338795362,False,False,0.2976822003996464,False,1.0,False,0.3045627569010249,False,1.0,False,0.26716031307107446,False,1.0,False
C#,bugs,repo_age_days,215,0.000932099711906444,0.00031689672175021786,0.0032679991994792774,1.000932534251844,1.000311041913965,1.0015544127223457,False,True,0.014705996397656749,True,0.882359783859405,False,0.03334842728329369,True,0.176471956771881,False,0.010893330664930926,True,0.09803997598437833,False
C#,bugs,log_stars,215,0.5313575181165019,0.3178296059491907,0.09455757124569195,1.7012402061581444,0.9124909943638714,3.171777318270044,False,False,0.19341321391164262,False,1.0,False,0.22200473248988545,False,1.0,False,0.16686630219827991,False,1.0,False
C#,bugs,log_forks,215,-0.3946166948081175,0.3568574960582039,0.26880863586950376,0.6739383138014056,0.3348594006876636,1.3563688218898926,False,False,0.40098525792688405,False,1.0,False,0.39757237108926274,False,1.0,False,0.36655723073114155,False,1.0,False
C#,bugs,owner_is_org,215,-1.4465914710398022,0.5001741923885766,0.0038258435017841682,0.23537119189044703,0.08830885669170724,0.6273390919931593,False,True,0.016660931378737507,True,1.0,False,0.03334842728329369,True,0.2065955490963451,False,0.01136561009830078,True,0.11477530505352505,False
C#,code_smells,staleness_days,215,-1.1859418937685835e-06,0.0006151000469112782,0.9984616418978622,0.9999988140588094,0.9987939679611698,1.0012051135634235,False,False,0.9984616418978622,False,1.0,False,0.9984616418978622,False,1.0,False,0.9984616418978622,False,1.0,False
C#,code_smells,commits_last_12m,215,0.009286647767760267,0.0053469978487087014,0.08242307664352012,1.0093299024745315,0.9988074362289163,1.0199632232170937,False,False,0.17535126521597738,False,1.0,False,0.2134549310879723,False,1.0,False,0.19020709994658488,False,1.0,False
C#,code_smells,repo_age_days,215,0.0005438121766549706,0.0002654164173895034,0.04047171781788913,1.000543960069304,1.0000236058362793,1.0010645850644653,False,True,0.10132488970593244,False,1.0,False,0.1325431384282916,False,1.0,False,0.11037741223060672,False,1.0,False
C#,code_smells,log_stars,215,0.5602798629817344,0.19634269079170008,0.004322944277463996,1.7511625172876841,1.191788667312986,2.57308216302077,False,True,0.01795684546023506,True,1.0,False,0.03334842728329369,True,0.23343899098305576,False,0.021614721387319978,True,0.12968832832391988,False
C#,code_smells,log_forks,215,-0.17807284321741107,0.21152578970457137,0.3998722986040877,0.8368814601302639,0.5528570705289808,1.2668203332185637,False,False,0.542540304638712,False,1.0,False,0.5266610762102618,False,1.0,False,0.5712461408629824,False,1.0,False
C#,code_smells,owner_is_org,215,-0.5144081757044143,0.33901987903512254,0.12918104831266908,0.5978543146464883,0.3076246436518783,1.1619023017736696,False,False,0.24054402099600447,False,1.0,False,0.25836209662533816,False,1.0,False,0.2717689687358217,False,1.0,False
C#,vulnerabilities,staleness_days,215,-0.0012457969816360758,0.0009887962503004,0.2077008465013297,0.9987549787012757,0.9968212609028388,1.0006924476882864,False,False,0.3398741124567213,False,1.0,False,0.3398741124567213,False,1.0,False,0.32794870500209955,False,1.0,False
C#,vulnerabilities,commits_last_12m,215,-0.0015236582489903594,0.003099349537356521,0.6229980332716336,0.9984775019289265,0.9924305221747447,1.0045613265436102,False,False,0.7475976399259603,False,1.0,False,0.7008727874305879,False,1.0,False,0.667497892791036,False,1.0,False
C#,vulnerabilities,repo_age_days,215,0.0006459080375482402,0.0003153375586981268,0.04052995588237298,1.0006461166810638,1.0000278581675586,1.0012647574275102,False,True,0.10132488970593244,False,1.0,False,0.1325431384282916,False,1.0,False,0.10468031245627023,False,1.0,False
C#,vulnerabilities,log_stars,215,-0.1482498380846197,0.27154877954028395,0.5851059223500935,0.8622156737180039,0.506376069176444,1.4681101917277855,False,False,0.714835289748983,False,1.0,False,0.6826233076427504,False,1.0,False,0.6501176915001039,False,1.0,False
C#,vulnerabilities,log_forks,215,0.21218675884558652,0.2283994409782115,0.352880740542038,1.2363787681895555,0.7902010125977426,1.9344855727337367,False,False,0.49366735723497546,False,1.0,False,0.4763889997317513,False,1.0,False,0.4812010098300519,False,1.0,False
C#,vulnerabilities,owner_is_org,215,-1.3789493467519294,0.7999768639485958,0.08475541647987477,0.25184301378760743,0.05250351346103492,1.2080125578775855,False,False,0.17739505774857509,False,1.0,False,0.2134549310879723,False,1.0,False,0.18161874959973165,False,1.0,False
C#,security_hotspots,staleness_days,215,0.0006477428979231728,0.0003721871948565233,0.08179431984458173,1.0006479527286571,0.9999182727403518,1.0013781651933655,False,False,0.17535126521597738,False,1.0,False,0.2134549310879723,False,1.0,False,0.18875612271826553,False,1.0,False
C#,security_hotspots,commits_last_12m,215,0.006331510811562535,0.001586922783105522,6.61279261909973e-05,1.0063515971961514,1.0032263929480116,1.0094865369353636,False,True,0.0005584478720527208,True,0.01785454007156927,True,0.0011903026714379513,True,0.003570908014313854,True,0.000283405397961417,True,0.001983837785729919,True
C#,security_hotspots,repo_age_days,215,0.00019131909616657534,0.00014844559051110823,0.19746195918697407,1.000191337398832,0.9999003760478965,1.0004823834167103,False,False,0.3270842268741288,False,1.0,False,0.3332170561280188,False,1.0,False,0.39492391837394814,False,1.0,False
C#,security_hotspots,log_stars,215,0.49186751744364104,0.12209624435065945,5.612839214639506e-05,1.6353674471929354,1.287320949929201,2.0775135272096863,False,True,0.0005225746855009195,True,0.015154665879526668,True,0.0011903026714379513,True,0.0030309331759053332,True,0.000283405397961417,True,0.001683851764391852,True
C#,security_hotspots,log_forks,215,-0.11614942268339822,0.11679802977723586,0.3200054111907502,0.8903421760404945,0.7081712368940322,1.1193750171402974,False,False,0.46121725219259074,False,1.0,False,0.4470259521251264,False,1.0,False,0.5468498139734503,False,1.0,False
C#,security_hotspots,owner_is_org,215,-0.5035462466872545,0.20671558035585136,0.014853248152693982,0.604383561689669,0.4030473060326814,0.9062943336261153,False,True,0.04774258334794494,True,1.0,False,0.06683961668712292,False,0.8020754002454751,False,0.04951082717564661,True,0.44559744458081946,False
C#,vuln_blocker,staleness_days,215,0.0005661991996008997,0.0005158859362893765,0.2724106987093097,1.0005663595206242,0.9995551803059709,1.0015785616737047,False,False,0.4041257618215034,False,1.0,False,0.39757237108926274,False,1.0,False,0.4086160480639645,False,1.0,False
C#,vuln_blocker,commits_last_12m,215,0.004548159259350467,0.0020348576812773476,0.02540920853622105,1.0045585178338696,1.0005600682700804,1.0085729460474384,False,True,0.06929784146242104,False,1.0,False,0.09800694721113834,False,1.0,False,0.0508184170724421,False,0.7622762560866315,False
C#,vuln_blocker,repo_age_days,215,0.00012122109703999199,0.00022749429543091531,0.5941351010964679,1.0001212284446142,0.999675393167509,1.0005672625553563,False,False,0.7225967445767854,False,1.0,False,0.6826233076427504,False,1.0,False,0.7426688763705849,False,1.0,False
C#,vuln_blocker,log_stars,215,0.4888246846811501,0.2060453009957126,0.01767229338191278,1.6303988606684436,1.0886989021999371,2.4416304999458758,False,True,0.055482781547865706,False,1.0,False,0.07340798789409925,False,0.9543038426232902,False,0.045250096499958536,True,0.5301688014573834,False
C#,vuln_blocker,log_forks,215,-0.16733544161474012,0.20764378066415012,0.42031351153874463,0.8459158083754919,0.5630933967853889,1.2707901725444801,False,False,0.5590376754456209,False,1.0,False,0.5278355726300514,False,1.0,False,0.5731547884619246,False,1.0,False
C#,vuln_blocker,owner_is_org,215,-0.2282030475908091,0.33153211729811993,0.4912458574045081,0.7959626251328332,0.41561577753260914,1.5243802927059054,False,False,0.6286084431242521,False,1.0,False,0.5894950288854097,False,1.0,False,0.6407554661797932,False,1.0,False
C#,vuln_critical,staleness_days,215,0.00010920161653852409,0.0006499345633458758,0.8665680156370045,1.0001092075792521,0.9988360312178524,1.0013840068076656,False,False,0.9373149707100487,False,1.0,False,0.8998975546999662,False,1.0,False,0.8964496713486253,False,1.0,False
C#,vuln_critical,commits_last_12m,215,0.0066992020973606365,0.004086673612300764,0.10115497063125403,1.0067216919450268,0.9986903273714163,1.0148176439239083,False,False,0.20381971694357157,False,1.0,False,0.2275986839203216,False,1.0,False,0.15939428288064839,False,1.0,False
C#,vuln_critical,repo_age_days,215,0.0003796932227448795,0.0002498948805968196,0.12865888125727573,1.0003797653153406,0.9998899143167278,1.0008698562943728,False,False,0.24054402099600447,False,1.0,False,0.25836209662533816,False,1.0,False,0.1837984017961082,False,1.0,False
C#,vuln_critical,log_stars,215,0.7696667291611633,0.23721665908346065,0.0011762692929154959,2.159046586602529,1.3562596056990965,3.4370131968335276,False,True,0.0061075520978304595,True,0.3175927090871839,False,0.015879635454359196,True,0.06351854181743678,False,0.005041154112494982,True,0.03528807878746488,True
C#,vuln_critical,log_forks,215,-0.3632442893773131,0.270664476736987,0.17958094810964675,0.6954165298760582,0.40912403057316277,1.1820477749677836,False,False,0.3088334776407938,False,1.0,False,0.3128184257393847,False,1.0,False,0.22865287296128772,False,1.0,False
C#,vuln_critical,owner_is_org,215,-0.5534911945966112,0.4660145844549782,0.2349468263661938,0.5749390782907807,0.2306478947700785,1.4331582955715523,False,False,0.3709686732097797,False,1.0,False,0.37315084187571956,False,1.0,False,0.28193619163943257,False,1.0,False
C#,vuln_major,staleness_days,215,-1.567600272392596e-05,0.0006888456200375328,0.9818441742269861,0.9999843241201439,0.9986351436558826,1.0013353273601575,False,False,0.9854941525698373,False,1.0,False,0.9984616418978622,False,1.0,False,0.9818441742269861,False,1.0,False
C#,vuln_major,commits_last_12m,215,0.00879059924094295,0.0051357772031360134,0.0869631200728776,1.0088293500227534,0.9987254737894862,1.0190354448512366,False,False,0.18061571092059195,False,1.0,False,0.2134549310879723,False,1.0,False,0.14493853345479601,False,1.0,False
C#,vuln_major,repo_age_days,215,0.00035627731899472804,0.0002446627727332617,0.14533802931672948,1.0003563407932967,0.9998767546914069,1.0008361569263657,False,False,0.2633642141981004,False,1.0,False,0.28029477082512116,False,1.0,False,0.2076257561667564,False,1.0,False
C#,vuln_major,log_stars,215,0.5641305199177307,0.2127120502016757,0.007999630881446352,1.757918642793636,1.158611797810882,2.667224656714431,False,True,0.02999861580542382,True,1.0,False,0.05399750844976288,False,0.43198006759810303,False,0.039998154407231756,True,0.23998892644339057,False
C#,vuln_major,log_forks,215,-0.3605138532191523,0.23272866235765657,0.12136400110203302,0.6973179149381967,0.4419079618879165,1.1003473945488333,False,False,0.22914881326957282,False,1.0,False,0.25836209662533816,False,1.0,False,0.18204600165304954,False,1.0,False
C#,vuln_major,owner_is_org,215,-0.6942631304843481,0.3409539587130729,0.041726543579276985,0.49944233625807755,0.2560146499050504,0.9743295836368693,False,True,0.10185111482231698,False,1.0,False,0.1325431384282916,False,1.0,False,0.08957784680484143,False,1.0,False
C#,vuln_minor,staleness_days,215,0.00011435009653393837,0.00048388928792534214,0.8131885697769541,1.0001143566347555,0.9991662922472863,1.001063320598291,False,False,0.9035428553077267,False,1.0,False,0.8711801681480263,False,1.0,False,0.8412295549416766,False,1.0,False
C#,vuln_minor,commits_last_12m,215,0.010731613414481445,0.0043934540186756806,0.01458039381308345,1.0107894037204523,1.002122851836295,1.0195309056183959,False,True,0.047430196741355804,True,1.0,False,0.06683961668712292,False,0.7873412659065063,False,0.033647062645577194,True,0.4374118143925035,False
C#,vuln_minor,repo_age_days,215,0.00024394623581571484,0.00020862444649581344,0.24227955816877544,1.0002439759931183,0.99983506343792,1.000653055785378,False,False,0.38012339098028597,False,1.0,False,0.3738027468889678,False,1.0,False,0.3461136545268221,False,1.0,False
C#,vuln_minor,log_stars,215,0.5587704936879005,0.13315323284290378,2.7113479091623974e-05,1.7485213600977814,1.3468855845675478,2.2699232820877127,False,True,0.00026145140552637404,True,0.007320639354738473,True,0.0011903026714379513,True,0.0014641278709476946,True,0.0002033510931871798,True,0.0008134043727487193,True
C#,vuln_minor,log_forks,215,-0.15930761606545085,0.1611423974566777,0.3228520765348135,0.8527340039397213,0.6217974319057069,1.1694407923919166,False,False,0.46121725219259074,False,1.0,False,0.4470259521251264,False,1.0,False,0.4402528316383821,False,1.0,False
C#,vuln_minor,owner_is_org,215,-0.7919462316338152,0.31577615751000165,0.01214388361809231,0.4529623671682298,0.24393435481491008,0.8411070520440905,False,True,0.040985607211061544,True,1.0,False,0.06557697153769848,False,0.6557697153769847,False,0.03311968259479721,True,0.36431650854276926,False
C#,vuln_info,staleness_days,215,-0.0006689655618647283,0.0004836478158947933,0.16661375238876674,0.9993312581457098,0.998384408612888,1.0002790056533297,False,False,0.2976822003996464,False,1.0,False,0.3045627569010249,False,1.0,False,0.38449327474330786,False,1.0,False
C#,vuln_info,commits_last_12m,215,0.006906358400970215,0.002659191061582305,0.00939967131276137,1.0069302622920788,1.001695876066362,1.0121920009306533,False,True,0.03476590759514479,True,1.0,False,0.056398027876568224,False,0.507582250889114,False,0.04028430562612016,True,0.2819901393828411,False
C#,vuln_info,repo_age_days,215,-0.00013577479660839954,0.0001733440183253363,0.43346983831888564,0.9998642344203722,0.9995245902136003,1.0002039940401997,False,False,0.5709114943712152,False,1.0,False,0.531985710664087,False,1.0,False,0.6942134153481104,False,1.0,False
C#,vuln_info,log_stars,215,0.2775941637465499,0.15058411279254597,0.06526345083541034,1.31995040476744,0.9826077481035628,1.7731074016140371,False,False,0.145629187814552,False,1.0,False,0.19579035250623103,False,1.0,False,0.21754483611803446,False,1.0,False
C#,vuln_info,log_forks,215,0.055144326546126436,0.1579318974078472,0.7269652713740761,1.0566931125377328,0.7753842978142691,1.4400605444710017,False,False,0.8316975562330531,False,1.0,False,0.8011454011061246,False,1.0,False,0.8723583256488913,False,1.0,False
C#,vuln_info,owner_is_org,215,-0.06616449865848881,0.29541784715993963,0.8227812699175804,0.9359768846853395,0.524571867540716,1.6700337606215148,False,False,0.9064243167378057,False,1.0,False,0.8711801681480263,False,1.0,False,0.9291320224336476,False,1.0,False
TypeScript,bugs,staleness_days,6180,-2.6484599531705886e-05,0.000597515432214765,0.9646457069932161,0.9999735157511822,0.9988031235018238,1.0011452794600255,False,False,0.9808296902138227,False,1.0,False,0.9646457069932161,False,1.0,False,0.9646457069932161,False,1.0,False
TypeScript,bugs,commits_last_12m,6180,0.0023877257346113985,0.0006844101158280783,0.0004853114634178706,1.0023905786218887,1.0010468541265976,1.0037361068244808,False,True,0.002978047616427842,True,0.13103409512282505,False,0.0016379261890353133,True,0.026206819024565012,True,0.002079906271790874,True,0.014559343902536118,True
TypeScript,bugs,repo_age_days,6180,0.0003044225179164689,0.0001949534309711375,0.11840251582886054,1.0003044688591536,0.9999223238315004,1.0006867599329732,False,False,0.22513154418163625,False,1.0,False,0.16825620670417024,False,1.0,False,0.19733752638143423,False,1.0,False
TypeScript,bugs,log_stars,6180,0.005372919541416294,0.07878237012366103,0.9456268119526121,1.0053873795595205,0.8615366442480421,1.1732568657712747,False,False,0.9764748797028321,False,1.0,False,0.9634688272724727,False,1.0,False,0.9646457069932161,False,1.0,False
TypeScript,bugs,log_forks,6180,0.3656380144618679,0.09775546928804503,0.00018377656637756477,1.441433370170886,1.1901041393644998,1.7458389496499684,False,True,0.0013410722411335808,True,0.04961967292194249,True,0.0008269945486990416,True,0.009923934584388498,True,0.0016042595260478939,True,0.005513296991326943,True
TypeScript,bugs,owner_is_org,6180,1.0253590909357118,0.27699953671205024,0.00021419051405271322,2.788096460997038,1.6200385985822856,4.798331275950381,False,True,0.001521879968269278,True,0.05783143879423257,False,0.0008897144429881934,True,0.011566287758846513,True,0.0016042595260478939,True,0.006425715421581397,True
TypeScript,code_smells,staleness_days,6180,-0.0002931892325812823,0.00024584753602642176,0.23303967519657587,0.9997068537431817,0.9992252587182421,1.0001886808817173,False,False,0.3701218370769146,False,1.0,False,0.2996224395384547,False,1.0,False,0.3883994586609598,False,1.0,False
TypeScript,code_smells,commits_last_12m,6180,0.003454143481160373,0.0004793428633123642,5.762045443739303e-13,1.003460115909316,1.0025178131138262,1.0044033044093257,False,True,2.5929204496826862e-11,True,1.5557522698096118e-10,True,6.223009079238447e-12,True,3.1115045396192237e-11,True,1.7286136331217908e-11,True,1.7286136331217908e-11,True
TypeScript,code_smells,repo_age_days,6180,-1.4591120420282357e-05,9.160485249101562e-05,0.873445701362806,0.9999854089860296,0.9998058855105442,1.0001649646964506,False,False,0.939563105051624,False,1.0,False,0.907039766799837,False,1.0,False,0.9984616418978622,False,1.0,False
TypeScript,code_smells,log_stars,6180,-0.027984271155736484,0.07605614422931763,0.7129162729836582,0.9724036614667153,0.837736577439557,1.1287186286217727,False,False,0.8190952923642031,False,1.0,False,0.8020308071066156,False,1.0,False,0.8554995275803898,False,1.0,False
TypeScript,code_smells,log_forks,6180,0.18873175370320666,0.08398228477724277,0.024622104185690354,1.2077169434300807,1.0244229722812808,1.4238066256948476,False,True,0.06853575391893191,False,1.0,False,0.04562171292837335,True,1.0,False,0.07386631255707107,False,0.7386631255707107,False
TypeScript,code_smells,owner_is_org,6180,0.4840330353926913,0.15205614924091257,0.0014563082690925314,1.6226052481684228,1.2044324489329274,2.1859655090796437,False,True,0.007281541345462657,True,0.39320323265498347,False,0.0037447926919522236,True,0.0786406465309967,False,0.010922312018193986,True,0.04368924807277594,True
TypeScript,vulnerabilities,staleness_days,6180,-0.000936298245600704,0.0005951673641661643,0.11567992528252209,0.999064139944832,0.9978994045010876,1.000230234852915,False,False,0.22151475054099973,False,1.0,False,0.16825620670417024,False,1.0,False,0.21689985990472893,False,1.0,False
TypeScript,vulnerabilities,commits_last_12m,6180,0.0006782778162464497,0.00033334064183920527,0.04187212498250809,1.0006785078986615,1.0000249424747165,1.001332500459716,False,True,0.10185111482231698,False,1.0,False,0.06650278673692461,False,1.0,False,0.10468031245627023,False,1.0,False
TypeScript,vulnerabilities,repo_age_days,6180,0.0004035495415453313,0.00011167061929996294,0.00030180173392354686,1.0004036309786157,1.00018469620383,1.0006226136769858,False,True,0.0019401540037942298,True,0.08148646815935766,False,0.0010864862421247686,True,0.01629729363187153,True,0.0018108104035412813,True,0.009054052017706406,True
TypeScript,vulnerabilities,log_stars,6180,-0.24127580054659745,0.11554647051095385,0.03678630538067294,0.7856249207233926,0.6264146660853848,0.9853002323823424,False,True,0.09550290819982399,False,1.0,False,0.062076890329885594,False,1.0,False,0.10468031245627023,False,1.0,False
TypeScript,vulnerabilities,log_forks,6180,0.23922631943981962,0.10759582617512695,0.026190242607029145,1.2702659899417337,1.0287478419322769,1.5684851228187318,False,True,0.06932711278331244,False,1.0,False,0.04562171292837335,True,1.0,False,0.08730080869009715,False,0.7857072782108744,False
TypeScript,vulnerabilities,owner_is_org,6180,0.4159512968734165,0.28072157936601205,0.13841432172080748,1.5158120422870185,0.8743689189137186,2.6278223045678435,False,False,0.25251261395012176,False,1.0,False,0.19165059930573344,False,1.0,False,0.24426056774260144,False,1.0,False
TypeScript,security_hotspots,staleness_days,6180,-0.0005010922107885992,0.0001633620243724206,0.0021594943285536327,0.9994990333149457,0.9991790612597424,0.9998191078363836,False,True,0.010411847655526444,True,0.5830634687094809,False,0.005300576988268008,True,0.11661269374189617,False,0.008098103732076123,True,0.06478482985660898,False
TypeScript,security_hotspots,commits_last_12m,6180,0.0031452126185889935,0.00040072057759122693,4.19728172332136e-15,1.0031501639894742,1.0023626012728855,1.0039383454991344,False,True,3.4704152003568e-13,True,1.1332660652967671e-12,True,9.254440534284801e-14,True,2.2665321305935343e-13,True,1.259184516996408e-13,True,1.259184516996408e-13,True
TypeScript,security_hotspots,repo_age_days,6180,-3.901746708321184e-05,5.772795550856148e-05,0.4991135753996525,0.9999609832940882,0.9998478493952964,1.000074129994107,False,False,0.6297227353173186,False,1.0,False,0.5859159363387225,False,1.0,False,0.651017707043025,False,1.0,False
TypeScript,security_hotspots,log_stars,6180,-0.0947195803950572,0.042534081432989056,0.025953275059440763,0.9096279762249437,0.8368714135108225,0.9887099042610403,False,True,0.06932711278331244,False,1.0,False,0.04562171292837335,True,1.0,False,0.0778598251783223,False,0.7785982517832228,False
TypeScript,security_hotspots,log_forks,6180,0.19215584119218732,0.04784376311607576,5.911408846087581e-05,1.2118593598571712,1.103386170891572,1.3309964786732404,False,True,0.0005320267961478823,True,0.015960803884436468,True,0.0002901964342624813,True,0.0031921607768872935,True,0.000283405397961417,True,0.0017734226538262741,True
TypeScript,security_hotspots,owner_is_org,6180,-0.021637517777298318,0.07844922304314862,0.7826897183377807,0.9785948940208501,0.839125358445916,1.1412454134114958,False,False,0.8805259331300033,False,1.0,False,0.8625560161273501,False,1.0,False,0.8952164500287305,False,1.0,False
TypeScript,vuln_blocker,staleness_days,6180,-0.0003907049593628794,0.00034971312349036667,0.2639021492857805,0.9996093713558806,0.9989244487340091,1.0002947636018547,False,False,0.40030101296157716,False,1.0,False,0.32387991048709425,False,1.0,False,0.4086160480639645,False,1.0,False
TypeScript,vuln_blocker,commits_last_12m,6180,0.0009917260019607927,0.0004226681327646488,0.018958460505579172,1.0009922179247963,1.0001633250204083,1.0018217977804351,False,True,0.05816800382393609,False,1.0,False,0.03937526412697213,True,1.0,False,0.045250096499958536,True,0.5687538151673752,False
TypeScript,vuln_blocker,repo_age_days,6180,0.0005416096924812049,0.00010659728063941364,3.756588321803728e-07,1.0005417563894936,1.0003327382066585,1.0007508182463976,False,True,6.761858979246711e-06,True,0.00010142788468870066,True,2.5356971172175165e-06,True,2.0285576937740132e-05,True,3.046504908638805e-06,True,1.1269764965411185e-05,True
TypeScript,vuln_blocker,log_stars,6180,-0.2626709708681837,0.09162588668746058,0.004146752877976209,0.7689948774068517,0.6425861350734732,0.9202705897324781,False,True,0.01758117812080902,True,1.0,False,0.00933019397544647,True,0.2239246554107153,False,0.013822509593254031,True,0.12440258633928628,False
TypeScript,vuln_blocker,log_forks,6180,0.31833090678705145,0.09277242366621814,0.0006006746585956119,1.3748311269152849,1.146255218950298,1.6489875869582498,False,True,0.0036040479515736714,True,0.16218215782081521,False,0.0019080253861272376,True,0.032436431564163044,True,0.0030033732929780595,True,0.01802023975786836,True
TypeScript,vuln_blocker,owner_is_org,6180,0.036321905457876884,0.1650823349576079,0.8258532663611118,1.0369896053823715,0.7503364856408821,1.4331536080810519,False,False,0.9064243167378057,False,1.0,False,0.8919215276700008,False,1.0,False,0.9176147404012353,False,1.0,False
TypeScript,vuln_critical,staleness_days,6180,-0.0005695680447358035,0.0002556662371801714,0.025895211393169106,0.999430594128352,0.9989299082952372,0.9999315309163149,False,True,0.06932711278331244,False,1.0,False,0.04562171292837335,True,1.0,False,0.055489738699648086,False,0.7768563417950732,False
TypeScript,vuln_critical,commits_last_12m,6180,0.003501359760793492,0.0004434536346357892,2.8877962051829483e-15,1.0035074966813127,1.0026356739054547,1.0043800775340794,False,True,3.4704152003568e-13,True,7.79704975399396e-13,True,9.254440534284801e-14,True,1.5594099507987922e-13,True,8.663388615548845e-14,True,8.663388615548845e-14,True
TypeScript,vuln_critical,repo_age_days,6180,0.00015336975954562834,7.930764183534394e-05,0.05313052427993206,1.0001533815212884,0.9999979296399928,1.0003088575679218,False,False,0.1226089021844586,False,1.0,False,0.08197280888903805,False,1.0,False,0.09961973302487262,False,1.0,False
TypeScript,vuln_critical,log_stars,6180,-0.07792156925792335,0.058507977889065074,0.18292229836903018,0.9250369750348865,0.8248158755325419,1.0374356636009403,False,False,0.31062277081533424,False,1.0,False,0.24092205151042997,False,1.0,False,0.22865287296128772,False,1.0,False
TypeScript,vuln_critical,log_forks,6180,0.1831507867966624,0.06097162306712644,0.0026656981184995836,1.2009954886907508,1.0657178413115842,1.3534446998469865,False,True,0.01256064146382396,True,0.7197384919948876,False,0.0062585955825642395,True,0.1439476983989775,False,0.009996367944373438,True,0.0799709435549875,False
TypeScript,vuln_critical,owner_is_org,6180,0.3227279692789093,0.09920962008193164,0.0011419724353593506,1.380889655398882,1.1368720631238964,1.6772830490248702,False,True,0.00604573642249068,True,0.30833255754702465,False,0.0030833255754702466,True,0.06166651150940493,False,0.005041154112494982,True,0.034259173060780516,True
TypeScript,vuln_major,staleness_days,6180,-0.00028653634008662135,0.00016535937629808835,0.08312948869498188,0.9997135047075298,0.9993895516373269,1.0000375627874274,False,False,0.17535126521597738,False,1.0,False,0.12469423304247282,False,1.0,False,0.14493853345479601,False,1.0,False
TypeScript,vuln_major,commits_last_12m,6180,0.002813557348791815,0.00036737220547724506,1.8796855436125854e-14,1.002817519115951,1.0020957140024023,1.0035398441425325,False,True,1.0150301935507962e-12,True,5.075150967753981e-12,True,2.5375754838769904e-13,True,1.0150301935507962e-12,True,5.639056630837756e-13,True,5.639056630837756e-13,True
TypeScript,vuln_major,repo_age_days,6180,-4.2015253920163436e-05,5.4941255075271785e-05,0.4444320354571337,0.9999579856287083,0.9998503130690736,1.0000656697834587,False,False,0.5769069691030101,False,1.0,False,0.5333184425485604,False,1.0,False,0.5175186321697,False,1.0,False
TypeScript,vuln_major,log_stars,6180,-0.09186965691629947,0.04022995891607324,0.0223942854604109,0.9122240438913007,0.8430585007409488,0.9870640121913651,False,True,0.0644592654664509,False,1.0,False,0.0447885709208218,True,1.0,False,0.07464761820136967,False,0.671828563812327,False
TypeScript,vuln_major,log_forks,6180,0.22200179273245707,0.0416593256363096,9.876483192741894e-08,1.248573616220724,1.150677632931255,1.3547982775603593,False,True,2.051269586184855e-06,True,2.6666504620403113e-05,True,8.888834873467704e-07,True,5.333300924080623e-06,True,7.40736239455642e-07,True,2.962944957822568e-06,True
TypeScript,vuln_major,owner_is_org,6180,0.13362946419382726,0.06565022646696114,0.04180299517559267,1.1429692301468322,1.0049696929037837,1.2999184654890044,False,True,0.10185111482231698,False,1.0,False,0.06650278673692461,False,1.0,False,0.08957784680484143,False,1.0,False
TypeScript,vuln_minor,staleness_days,6180,-0.00033789624945308435,0.00014238884338740648,0.01764173981964547,0.9996621608310553,0.9993832170345691,0.9999411824852044,False,True,0.055482781547865706,False,1.0,False,0.03810615801043422,True,0.9526539502608553,False,0.037803728184954574,True,0.5292521945893641,False
TypeScript,vuln_minor,commits_last_12m,6180,0.002833816936357911,0.0003622229851312348,5.141355852380445e-15,1.0028378359910974,1.0021261299468305,1.0035500474862036,False,True,3.4704152003568e-13,True,1.38816608014272e-12,True,9.254440534284801e-14,True,2.77633216028544e-13,True,1.5424067557141335e-13,True,1.5424067557141335e-13,True
TypeScript,vuln_minor,repo_age_days,6180,-0.0001629608642668363,4.8683776484980834e-05,0.0008159281423037631,0.9998370524131336,0.9997416540642511,0.9999324598652127,False,True,0.004589595800458667,True,0.22030059842201605,False,0.0023189536676001686,True,0.04406011968440321,True,0.0034968348955875563,True,0.024477844269112894,True
TypeScript,vuln_minor,log_stars,6180,-0.05116125652099559,0.03795709364569308,0.17769995528277416,0.9501254442547409,0.8820065532411073,1.0235052749925475,False,False,0.3075576149124938,False,1.0,False,0.23989493963174513,False,1.0,False,0.29616659213795693,False,1.0,False
TypeScript,vuln_minor,log_forks,6180,0.1941233318699397,0.03958970181435061,9.420174403604449e-07,1.2142460289551342,1.1235900291135499,1.3122165386217668,False,True,1.3386563626174743e-05,True,0.0002543447088973201,True,5.6521046421626695e-06,True,5.086894177946403e-05,True,9.420174403604449e-06,True,2.826052321081335e-05,True
TypeScript,vuln_minor,owner_is_org,6180,0.2203387603112955,0.0645179165329455,0.0006374545340081694,1.2464989234355854,1.098434481599188,1.414521841907209,False,True,0.0037415809604827333,True,0.17211272418220572,False,0.0019123636020245082,True,0.034422544836441145,True,0.0031872726700408467,True,0.01912363602024508,True
TypeScript,vuln_info,staleness_days,6180,-3.6938144111622014e-05,0.00022205536204290244,0.867884232138934,0.9999630625380932,0.9995279527930674,1.0003983616930197,False,False,0.9373149707100487,False,1.0,False,0.907039766799837,False,1.0,False,0.9298759630060006,False,1.0,False
TypeScript,vuln_info,commits_last_12m,6180,0.001749656864236804,0.00035839512204090767,1.0505706142527337e-06,1.0017511884069026,1.001047763854235,1.002455107247774,False,True,1.4182703292411906e-05,True,0.0002836540658482381,True,5.673081316964762e-06,True,5.673081316964762e-05,True,1.5758559213791007e-05,True,3.1517118427582014e-05,True
TypeScript,vuln_info,repo_age_days,6180,-3.682549526722391e-05,7.917268238784024e-05,0.6418392181001016,0.999963175182783,0.999808017329725,1.000118357114423,False,False,0.7624608292037992,False,1.0,False,0.7374322931362869,False,1.0,False,0.8397242955780274,False,1.0,False
TypeScript,vuln_info,log_stars,6180,-0.06108039366837222,0.052378567816702915,0.24356054310959063,0.9407476065847299,0.8489622988864994,1.0424562556613801,False,False,0.38012339098028597,False,1.0,False,0.3058667285562301,False,1.0,False,0.45667601833048244,False,1.0,False
TypeScript,vuln_info,log_forks,6180,0.1971636620266578,0.05370084528871611,0.00024111335615352398,1.2179433554732453,1.0962682797014658,1.353123176696658,False,True,0.0016692463118320893,True,0.06510060616145148,False,0.0009300086594493069,True,0.013020121232290295,True,0.0018083501711514299,True,0.007233400684605719,True
TypeScript,vuln_info,owner_is_org,6180,0.4710943094672823,0.08932403145012287,1.3348705883598725e-07,1.6017460403672337,1.344500306740095,1.9082110766138083,False,True,2.574393277551183e-06,True,3.604150588571656e-05,True,1.0297573110204731e-06,True,7.208301177143312e-06,True,4.004611765079618e-06,True,4.004611765079618e-06,True
JavaScript,bugs,staleness_days,3698,0.0006220244062921331,0.0009803620384198407,0.5257647533556272,1.000622217903591,0.9987013940385921,1.0025467361304308,False,False,0.657205941694534,False,1.0,False,0.5678259336240774,False,1.0,False,0.6066516384872621,False,1.0,False
JavaScript,bugs,commits_last_12m,3698,-1.0827916989732065e-05,2.288924498307385e-06,2.2389058431306332e-06,0.999989172141632,0.9999846859906909,0.9999936583126988,False,True,2.8785932268822425e-05,True,0.000604504577645271,True,1.34334350587838e-05,True,0.00012090091552905419,True,6.7167175293919e-05,True,6.716717529391899e-05,True
JavaScript,bugs,repo_age_days,3698,0.000452982554515538,0.00024664130014456266,0.06626828289321977,1.000453085166606,0.9999695749519832,1.0009368291704697,False,False,0.14665931459974868,False,1.0,False,0.08728017746911872,False,1.0,False,0.1420034633426138,False,1.0,False
JavaScript,bugs,log_stars,3698,-0.4986100945207661,0.1793788463357079,0.00544178096798991,0.6073742661306736,0.4273353662664781,0.8632646120090448,False,True,0.022261831232685995,True,1.0,False,0.010473218747431755,True,0.2938561722714551,False,0.013604452419974773,True,0.1632534290396973,False
JavaScript,bugs,log_forks,3698,0.8284479671638898,0.23660369922044439,0.0004627929159635299,2.289762194927118,1.4401009828133882,3.6407244852195584,False,True,0.002905909007212862,True,0.12495408731015308,False,0.0013153061822121375,True,0.024990817462030614,True,0.002079906271790874,True,0.013883787478905897,True
JavaScript,bugs,owner_is_org,3698,-0.9706428424711906,0.33876904413810804,0.004167390369376953,0.37883942573697515,0.19502686356030927,0.7358950857984742,False,True,0.01758117812080902,True,1.0,False,0.00865534922870598,True,0.22503907994635544,False,0.01136561009830078,True,0.12502171108130858,False
JavaScript,code_smells,staleness_days,3698,-0.001748769825395171,0.00044970344407772704,0.00010077517614243362,0.9982527583815987,0.9973732834933507,0.9991330087829788,False,True,0.0008245241684380932,True,0.027209297558457076,True,0.0003887042508351011,True,0.005441859511691415,True,0.001007751761424336,True,0.0030232552842730086,True
JavaScript,code_smells,commits_last_12m,3698,-2.9229348068051013e-06,2.6746237490105416e-06,0.2744642217295781,0.999997077069465,0.9999918349323073,1.0000023192341028,False,False,0.40494721238790204,False,1.0,False,0.30877224944577536,False,1.0,False,0.4116963325943671,False,1.0,False
JavaScript,code_smells,repo_age_days,3698,0.0005777399653457833,0.00020848794009488018,0.005586806095414862,1.0005779068892242,1.000169125411639,1.0009868554408494,False,True,0.022332598799670655,True,1.0,False,0.010473218747431755,True,0.30168752915240254,False,0.023943454694635123,True,0.16760418286244588,False
JavaScript,code_smells,log_stars,3698,-0.34568307458944536,0.15142854181484833,0.022441373903134755,0.7077367513275885,0.5259876409685564,0.9522872215350627,False,True,0.0644592654664509,False,1.0,False,0.032752275426196666,True,1.0,False,0.07386631255707107,False,0.6732412170940426,False
JavaScript,code_smells,log_forks,3698,0.3441653703964892,0.12881195215797553,0.007543583271525753,1.4108119227447813,1.0960344093096945,1.8159925130566077,False,True,0.02868686596214019,True,1.0,False,0.01314043537620615,True,0.4073534966623906,False,0.028288437268221573,True,0.22630749814577258,False
JavaScript,code_smells,owner_is_org,3698,-0.7296664091173533,0.23618170287012052,0.0020054218444491142,0.48206977735265333,0.30343919316969853,0.7658577911748924,False,True,0.00984479814547747,True,0.5414638980012608,False,0.004708381721750094,True,0.10829277960025217,False,0.012032531066694685,True,0.060162655333473425,False
JavaScript,vulnerabilities,staleness_days,3698,-0.0011080861402116666,0.0004105437351605954,0.006953361974438383,0.9988925275605367,0.9980890910406004,0.9996966108265876,False,True,0.027208807726063242,True,1.0,False,0.01251605155398909,True,0.3754815466196727,False,0.03476680987219191,True,0.2086008592331515,False
JavaScript,vulnerabilities,commits_last_12m,3698,-7.556053815211327e-07,7.956261902344182e-06,0.9243387367208091,0.999999244394904,0.9999836505414922,1.000014838491488,False,False,0.9748885113852284,False,1.0,False,0.9417790902438432,False,1.0,False,0.9243387367208091,False,1.0,False
JavaScript,vulnerabilities,repo_age_days,3698,-8.276326948021053e-05,0.00012200867834963885,0.49755664833598334,0.9999172401553047,0.999678155918075,1.0001563815722099,False,False,0.6297227353173186,False,1.0,False,0.5483277349008796,False,1.0,False,0.5741038250030577,False,1.0,False
JavaScript,vulnerabilities,log_stars,3698,-0.5438608960655009,0.12025782771168944,6.1125807841377355e-06,0.5805026597286227,0.4586068796564484,0.7347978255460232,False,True,7.175638311813864e-05,True,0.0016503968117171886,True,3.300793623434377e-05,True,0.0003300793623434377,True,9.168871176206603e-05,True,0.00018337742352413205,True
JavaScript,vulnerabilities,log_forks,3698,0.5788407188490593,0.09369304441455616,6.489638369653509e-10,1.783969109756613,1.4846895990460112,2.1435765338497355,False,True,2.0162199163304143e-08,True,1.7522023598064473e-07,True,9.072989623486865e-09,True,3.504404719612895e-08,True,1.9468915108960525e-08,True,1.9468915108960525e-08,True
JavaScript,vulnerabilities,owner_is_org,3698,-1.075781791940068,0.28370652527953444,0.00014950968769611705,0.3410310357399225,0.19557010633351515,0.594682743279326,False,True,0.0011213226577208779,True,0.0403676156779516,True,0.00047491312562296,True,0.008073523135590321,True,0.0011213226577208779,True,0.0044852906308835115,True
JavaScript,security_hotspots,staleness_days,3698,-0.0009439557643086184,0.0004694078345611048,0.04433072040915007,0.9990564896217813,0.9981377579144126,0.9999760669718916,False,True,0.10592296026965062,False,1.0,False,0.06138099748959241,False,1.0,False,0.11082680102287518,False,1.0,False
JavaScript,security_hotspots,commits_last_12m,3698,2.0896028212245217e-05,1.6806561028829582e-05,0.21374786033513005,1.0000208962465358,0.9999879558464232,1.0000538377317314,False,False,0.3476621824728019,False,1.0,False,0.25092140126297874,False,1.0,False,0.40077723812836885,False,1.0,False
JavaScript,security_hotspots,repo_age_days,3698,4.5600780729724214e-05,0.00012303272559481836,0.710906100900762,1.000045601820461,0.9998044801861347,1.0002867816057999,False,False,0.8190952923642031,False,1.0,False,0.738248643243099,False,1.0,False,0.8886326261259525,False,1.0,False
JavaScript,security_hotspots,log_stars,3698,-0.43813626847416337,0.10374460450411752,2.4083673087087e-05,0.6452378512888127,0.526516843275833,0.7907285209443812,False,True,0.00024083673087086998,True,0.00650259173351349,True,0.00010003987282328445,True,0.0013005183467026979,True,0.0001806275481531525,True,0.00072251019261261,True
JavaScript,security_hotspots,log_forks,3698,0.6056182665245918,0.09558326592827356,2.357636847517164e-10,1.8323847608980337,1.5193437645421775,2.2099237778377936,False,True,9.093742126137633e-09,True,6.365619488296344e-08,True,6.365619488296343e-09,True,1.2731238976592686e-08,True,3.536455271275746e-09,True,7.072910542551492e-09,True
JavaScript,security_hotspots,owner_is_org,3698,-0.8475509183443127,0.1968964645109487,1.6732457111413942e-05,0.4284629888825807,0.29128273153351064,0.6302485968725353,False,True,0.00017376013154160632,True,0.004517763420081765,True,7.529605700136274e-05,True,0.0009035526840163528,True,0.0001673245711141394,True,0.0005019737133424183,True
JavaScript,vuln_blocker,staleness_days,3698,-0.0012710295664963803,0.00034955154670377906,0.00027671953892734327,0.9987297778494637,0.9980457739822693,0.9994142504940453,False,True,0.0018222994026922605,True,0.07471427551038268,False,0.0008301586167820299,True,0.014942855102076536,True,0.0016603172335640597,True,0.008301586167820297,True
JavaScript,vuln_blocker,commits_last_12m,3698,2.0941266240923976e-05,1.6345690205911664e-06,1.4139140103474633e-37,1.0000209414855108,1.000017737727142,1.0000241452541434,False,True,3.8175678279381507e-35,True,3.8175678279381507e-35,True,7.635135655876302e-36,True,7.635135655876302e-36,True,4.24174203104239e-36,True,4.24174203104239e-36,True
JavaScript,vuln_blocker,repo_age_days,3698,0.00033972768838706784,0.00010578567619548188,0.0013205705046035738,1.0003397854023737,1.0001324003371148,1.0005472134705042,False,True,0.006727434646093678,True,0.35655403624296494,False,0.0032414003294814996,True,0.07131080724859298,False,0.004952139392263402,True,0.039617115138107215,True
JavaScript,vuln_blocker,log_stars,3698,-0.32023749538211993,0.0954397605700391,0.0007925353681344128,0.7259766005079097,0.602121522882211,0.8753083961559746,False,True,0.004552862753112584,True,0.21398454939629147,False,0.002139845493962915,True,0.04279690987925829,True,0.0033965801491474836,True,0.023776061044032386,True
JavaScript,vuln_blocker,log_forks,3698,0.36884025986978003,0.07280658680382707,4.0620065448517403e-07,1.4460565919560053,1.2537536504275524,1.6678552971122529,False,True,6.8546360444373115e-06,True,0.00010967417671099698,True,3.1335479060284854e-06,True,2.1934835342199398e-05,True,3.046504908638805e-06,True,1.218601963455522e-05,True
JavaScript,vuln_blocker,owner_is_org,3698,-1.1622120365278956,0.21640930830348418,7.854711679765731e-08,0.3127935043947939,0.2046679259397504,0.47804156876235604,False,True,1.7673101279472895e-06,True,2.1207721535367474e-05,True,7.069240511789159e-07,True,4.241544307073495e-06,True,1.1782067519648597e-06,True,2.3564135039297194e-06,True
JavaScript,vuln_critical,staleness_days,3698,-0.001299941809710881,0.0003007842849760864,1.5473278671179407e-05,0.9987009027486449,0.9981123157458822,0.9992898368412635,False,True,0.0001671114096487376,True,0.00417778524121844,True,7.529605700136274e-05,True,0.0008355570482436879,True,0.00011604959003384555,True,0.0004641983601353822,True
JavaScript,vuln_critical,commits_last_12m,3698,-8.468855154955387e-06,3.453752177467577e-06,0.014203553595300757,0.9999915311807057,0.9999847620310647,0.9999983003761688,False,True,0.04676779842355128,True,1.0,False,0.02255858512194826,True,0.7669918941462409,False,0.042610660785902275,True,0.4261066078590227,False
JavaScript,vuln_critical,repo_age_days,3698,0.0004932559568007576,0.00010025149609424745,8.646223046855214e-07,1.0004933776275244,1.000296810674634,1.0006899832075167,False,True,1.2969334570282822e-05,True,0.0002334480222650908,True,5.8362005566272694e-06,True,4.6689604453018155e-05,True,1.2969334570282822e-05,True,2.593866914056564e-05,True
JavaScript,vuln_critical,log_stars,3698,-0.21106614132179533,0.0909462628324546,0.020298795590111732,0.8097205091253471,0.6775190957599675,0.9677178207985079,False,True,0.060896386770335195,False,1.0,False,0.030448193385167598,True,1.0,False,0.0514708295181883,False,0.608963867703352,False
JavaScript,vuln_critical,log_forks,3698,0.1504519206586262,0.07445292109505937,0.0433040091327558,1.1623594182843748,1.0045371385539155,1.3449770699561598,False,True,0.10439359344503629,False,1.0,False,0.06138099748959241,False,1.0,False,0.0866080182655116,False,1.0,False
JavaScript,vuln_critical,owner_is_org,3698,-0.5364935003339387,0.16246741022364544,0.0009594307881494873,0.5847952457196715,0.42531561036531146,0.80407460032467,False,True,0.005286659444905338,True,0.2590463128003616,False,0.0024671077409558245,True,0.05180926256007232,False,0.005041154112494982,True,0.02878292364448462,True
JavaScript,vuln_major,staleness_days,3698,-0.0012594571107945268,0.00020404240389008195,6.720733054434715e-10,0.998741335672452,0.9983420031242258,0.9991408279519962,False,True,2.0162199163304143e-08,True,1.8145979246973729e-07,True,9.072989623486865e-09,True,3.629195849394746e-08,True,1.0081099581652072e-08,True,2.0162199163304143e-08,True
JavaScript,vuln_major,commits_last_12m,3698,-2.9329378966598774e-07,4.168191809292679e-06,0.9439033442305228,0.9999997067062534,0.9999915372361928,1.0000078762430546,False,False,0.9764748797028321,False,1.0,False,0.9439033442305228,False,1.0,False,0.9764517354108857,False,1.0,False
JavaScript,vuln_major,repo_age_days,3698,0.00025396065179151753,8.46485062174668e-05,0.002698211870006628,1.000253992902528,1.0000880565050065,1.000419956832513,False,True,0.01256064146382396,True,0.7285172049017896,False,0.0060709767075149135,True,0.14570344098035792,False,0.01618927122003977,True,0.08094635610019885,False
JavaScript,vuln_major,log_stars,3698,-0.12013061449190666,0.07564587133347751,0.11227148079439128,0.8868045996201205,0.7646066213386263,1.0285320267441345,False,False,0.21808129362939313,False,1.0,False,0.13778772642948023,False,1.0,False,0.17727075914903886,False,1.0,False
JavaScript,vuln_major,log_forks,3698,0.12896795790053422,0.0646270139681539,0.045980363966537305,1.1376536707696365,1.0023039882056424,1.2912807789307996,False,True,0.10795389800839193,False,1.0,False,0.062073491354825365,False,1.0,False,0.09196072793307461,False,1.0,False
JavaScript,vuln_major,owner_is_org,3698,-0.25850811934427786,0.1491010543558618,0.08295749068384994,0.7722027612436607,0.5765225550434396,1.0342996978277883,False,False,0.17535126521597738,False,1.0,False,0.1041791743471604,False,1.0,False,0.14493853345479601,False,1.0,False
JavaScript,vuln_minor,staleness_days,3698,-0.0010132145132090993,0.0001752808248236216,7.446957960962654e-09,0.9989872986152981,0.9986441613638176,0.9993305537698094,False,True,2.0106786494599167e-07,True,2.0106786494599165e-06,True,8.042714597839667e-08,True,4.0213572989198334e-07,True,1.1170436941443981e-07,True,2.2340873882887962e-07,True
JavaScript,vuln_minor,commits_last_12m,3698,2.1785436969159057e-05,5.742022942329695e-05,0.7043882395397758,1.0000217856742735,0.9999092479735298,1.0001343360409007,False,False,0.8162438827284956,False,1.0,False,0.738248643243099,False,1.0,False,0.7826535994886398,False,1.0,False
JavaScript,vuln_minor,repo_age_days,3698,8.981353043796924e-05,7.438426412580152e-05,0.22726794159188457,1.0000898175637938,0.999944024618415,1.0002356317659455,False,False,0.3654241679876979,False,1.0,False,0.2611163584247185,False,1.0,False,0.3461136545268221,False,1.0,False
JavaScript,vuln_minor,log_stars,3698,-0.16284358031152013,0.06417854420415786,0.01116944710420264,0.8497240915976836,0.7492884804102878,0.963622223907868,False,True,0.03999198703123473,True,1.0,False,0.018848441988341957,True,0.6031501436269425,False,0.03311968259479721,True,0.3350834131260792,False
JavaScript,vuln_minor,log_forks,3698,0.21196400788590167,0.05481090413952001,0.00011009806905700915,1.2361033943034447,1.11019603719085,1.3762899075686688,False,True,0.0008743081954527198,True,0.02972647864539247,True,0.0003945659634157293,True,0.005945295729078494,True,0.000660588414342055,True,0.0033029420717102746,True
JavaScript,vuln_minor,owner_is_org,3698,-0.31307876245503374,0.12695961002729803,0.013664225850253531,0.7311923197986286,0.5701162306045139,0.9377775615431968,False,True,0.04554741950084511,True,1.0,False,0.022359642300414866,True,0.7378681959136907,False,0.033647062645577194,True,0.4099267755076059,False
JavaScript,vuln_info,staleness_days,3698,-0.0009626184372820109,0.0002498672147255242,0.00011690843360466052,0.9990378447312158,0.9985487049696151,0.999527224098261,False,True,0.0009018650592359526,True,0.03156527707325834,True,0.0003945659634157293,True,0.006313055414651668,True,0.0011690843360466052,True,0.0035072530081398153,True
JavaScript,vuln_info,commits_last_12m,3698,-1.97742598750791e-05,1.1228959940328487e-05,0.07823747721579997,0.9999802259356343,0.9999582182559394,1.0000022340996875,False,False,0.17035579716343544,False,1.0,False,0.10059104213459996,False,1.0,False,0.23471243164739994,False,1.0,False
JavaScript,vuln_info,repo_age_days,3698,0.00021446504475709284,9.056585481522491e-05,0.01788181365475858,1.000214488044029,1.000036959914091,1.000392047689039,False,True,0.05549528375614732,False,1.0,False,0.027589083924484666,True,0.9656179373569633,False,0.06705680120534468,False,0.5364544096427574,False
JavaScript,vuln_info,log_stars,3698,-0.22756694390090929,0.08218662564376218,0.005624506364361498,0.7964691009641973,0.6779716743403424,0.9356777765205954,False,True,0.022332598799670655,True,1.0,False,0.010473218747431755,True,0.3037233436755209,False,0.02812253182180749,True,0.16873519093084494,False
JavaScript,vuln_info,log_forks,3698,0.20734247361588126,0.07165528326810551,0.0038084036964339844,1.2304038804990236,1.06918930145202,1.4159267279340542,False,True,0.016660931378737507,True,1.0,False,0.008226151984297407,True,0.20565379960743516,False,0.022850422178603908,True,0.11425211089301954,False
JavaScript,vuln_info,owner_is_org,3698,-0.2496964805833552,0.1683959414817505,0.13812916815196544,0.7790372001075306,0.5600403406176143,1.0836700771985295,False,False,0.25251261395012176,False,1.0,False,0.16575500178235852,False,1.0,False,0.3453229203799136,False,1.0,False
