language,outcome,predictor,n,coef,IRR,IRR_CI_low,IRR_CI_high,p_raw,p_adj_bh_by_language,p_adj_bonf_by_language,sig_raw,sig_bh_by_language,sig_bonf_by_language,p_adj_bh_global,p_adj_bonf_global,sig_bh_global,sig_bonf_global,used_regularized
C#,bugs,commits_last_12m,215,0.021906734227827518,1.022148448560389,0.9907184619112882,1.0545755338795362,0.1692015316116805,0.3045627569010249,1.0,False,False,False,0.2976822003996464,1.0,False,False,False
C#,bugs,log_forks,215,-0.3946166948081175,0.6739383138014056,0.3348594006876636,1.3563688218898926,0.26880863586950376,0.39757237108926274,1.0,False,False,False,0.40098525792688405,1.0,False,False,False
C#,bugs,log_stars,215,0.5313575181165019,1.7012402061581444,0.9124909943638714,3.171777318270044,0.09455757124569195,0.22200473248988545,1.0,False,False,False,0.19341321391164262,1.0,False,False,False
C#,bugs,owner_is_org,215,-1.4465914710398022,0.23537119189044703,0.08830885669170724,0.6273390919931593,0.0038258435017841682,0.03334842728329369,0.2065955490963451,True,True,False,0.016660931378737507,1.0,True,False,False
C#,bugs,repo_age_days,215,0.000932099711906444,1.000932534251844,1.000311041913965,1.0015544127223457,0.0032679991994792774,0.03334842728329369,0.176471956771881,True,True,False,0.014705996397656749,0.882359783859405,True,False,False
C#,bugs,staleness_days,215,-0.0006997432053590746,0.9993005015578239,0.9976029321467623,1.0010009596351197,0.4198670178799545,0.5278355726300514,1.0,False,False,False,0.5590376754456209,1.0,False,False,False
C#,code_smells,commits_last_12m,215,0.009286647767760267,1.0093299024745315,0.9988074362289163,1.0199632232170937,0.08242307664352012,0.2134549310879723,1.0,False,False,False,0.17535126521597738,1.0,False,False,False
C#,code_smells,log_forks,215,-0.17807284321741107,0.8368814601302639,0.5528570705289808,1.2668203332185637,0.3998722986040877,0.5266610762102618,1.0,False,False,False,0.542540304638712,1.0,False,False,False
C#,code_smells,log_stars,215,0.5602798629817344,1.7511625172876841,1.191788667312986,2.57308216302077,0.004322944277463996,0.03334842728329369,0.23343899098305576,True,True,False,0.01795684546023506,1.0,True,False,False
C#,code_smells,owner_is_org,215,-0.5144081757044143,0.5978543146464883,0.3076246436518783,1.1619023017736696,0.12918104831266908,0.25836209662533816,1.0,False,False,False,0.24054402099600447,1.0,False,False,False
C#,code_smells,repo_age_days,215,0.0005438121766549706,1.000543960069304,1.0000236058362793,1.0010645850644653,0.04047171781788913,0.1325431384282916,1.0,True,False,False,0.10132488970593244,1.0,False,False,False
C#,code_smells,staleness_days,215,-1.1859418937685835e-06,0.9999988140588094,0.9987939679611698,1.0012051135634235,0.9984616418978622,0.9984616418978622,1.0,False,False,False,0.9984616418978622,1.0,False,False,False
C#,security_hotspots,commits_last_12m,215,0.006331510811562535,1.0063515971961514,1.0032263929480116,1.0094865369353636,6.61279261909973e-05,0.0011903026714379513,0.003570908014313854,True,True,True,0.0005584478720527208,0.01785454007156927,True,True,False
C#,security_hotspots,log_forks,215,-0.11614942268339822,0.8903421760404945,0.7081712368940322,1.1193750171402974,0.3200054111907502,0.4470259521251264,1.0,False,False,False,0.46121725219259074,1.0,False,False,False
C#,security_hotspots,log_stars,215,0.49186751744364104,1.6353674471929354,1.287320949929201,2.0775135272096863,5.612839214639506e-05,0.0011903026714379513,0.0030309331759053332,True,True,True,0.0005225746855009195,0.015154665879526668,True,True,False
C#,security_hotspots,owner_is_org,215,-0.5035462466872545,0.604383561689669,0.4030473060326814,0.9062943336261153,0.014853248152693982,0.06683961668712292,0.8020754002454751,True,False,False,0.04774258334794494,1.0,True,False,False
C#,security_hotspots,repo_age_days,215,0.00019131909616657534,1.000191337398832,0.9999003760478965,1.0004823834167103,0.19746195918697407,0.3332170561280188,1.0,False,False,False,0.3270842268741288,1.0,False,False,False
C#,security_hotspots,staleness_days,215,0.0006477428979231728,1.0006479527286571,0.9999182727403518,1.0013781651933655,0.08179431984458173,0.2134549310879723,1.0,False,False,False,0.17535126521597738,1.0,False,False,False
C#,vuln_blocker,commits_last_12m,215,0.004548159259350467,1.0045585178338696,1.0005600682700804,1.0085729460474384,0.02540920853622105,0.09800694721113834,1.0,True,False,False,0.06929784146242104,1.0,False,False,False
C#,vuln_blocker,log_forks,215,-0.16733544161474012,0.8459158083754919,0.5630933967853889,1.2707901725444801,0.42031351153874463,0.5278355726300514,1.0,False,False,False,0.5590376754456209,1.0,False,False,False
C#,vuln_blocker,log_stars,215,0.4888246846811501,1.6303988606684436,1.0886989021999371,2.4416304999458758,0.01767229338191278,0.07340798789409925,0.9543038426232902,True,False,False,0.055482781547865706,1.0,False,False,False
C#,vuln_blocker,owner_is_org,215,-0.2282030475908091,0.7959626251328332,0.41561577753260914,1.5243802927059054,0.4912458574045081,0.5894950288854097,1.0,False,False,False,0.6286084431242521,1.0,False,False,False
C#,vuln_blocker,repo_age_days,215,0.00012122109703999199,1.0001212284446142,0.999675393167509,1.0005672625553563,0.5941351010964679,0.6826233076427504,1.0,False,False,False,0.7225967445767854,1.0,False,False,False
C#,vuln_blocker,staleness_days,215,0.0005661991996008997,1.0005663595206242,0.9995551803059709,1.0015785616737047,0.2724106987093097,0.39757237108926274,1.0,False,False,False,0.4041257618215034,1.0,False,False,False
C#,vuln_critical,commits_last_12m,215,0.0066992020973606365,1.0067216919450268,0.9986903273714163,1.0148176439239083,0.10115497063125403,0.2275986839203216,1.0,False,False,False,0.20381971694357157,1.0,False,False,False
C#,vuln_critical,log_forks,215,-0.3632442893773131,0.6954165298760582,0.40912403057316277,1.1820477749677836,0.17958094810964675,0.3128184257393847,1.0,False,False,False,0.3088334776407938,1.0,False,False,False
C#,vuln_critical,log_stars,215,0.7696667291611633,2.159046586602529,1.3562596056990965,3.4370131968335276,0.0011762692929154959,0.015879635454359196,0.06351854181743678,True,True,False,0.0061075520978304595,0.3175927090871839,True,False,False
C#,vuln_critical,owner_is_org,215,-0.5534911945966112,0.5749390782907807,0.2306478947700785,1.4331582955715523,0.2349468263661938,0.37315084187571956,1.0,False,False,False,0.3709686732097797,1.0,False,False,False
C#,vuln_critical,repo_age_days,215,0.0003796932227448795,1.0003797653153406,0.9998899143167278,1.0008698562943728,0.12865888125727573,0.25836209662533816,1.0,False,False,False,0.24054402099600447,1.0,False,False,False
C#,vuln_critical,staleness_days,215,0.00010920161653852409,1.0001092075792521,0.9988360312178524,1.0013840068076656,0.8665680156370045,0.8998975546999662,1.0,False,False,False,0.9373149707100487,1.0,False,False,False
C#,vuln_info,commits_last_12m,215,0.006906358400970215,1.0069302622920788,1.001695876066362,1.0121920009306533,0.00939967131276137,0.056398027876568224,0.507582250889114,True,False,False,0.03476590759514479,1.0,True,False,False
C#,vuln_info,log_forks,215,0.055144326546126436,1.0566931125377328,0.7753842978142691,1.4400605444710017,0.7269652713740761,0.8011454011061246,1.0,False,False,False,0.8316975562330531,1.0,False,False,False
C#,vuln_info,log_stars,215,0.2775941637465499,1.31995040476744,0.9826077481035628,1.7731074016140371,0.06526345083541034,0.19579035250623103,1.0,False,False,False,0.145629187814552,1.0,False,False,False
C#,vuln_info,owner_is_org,215,-0.06616449865848881,0.9359768846853395,0.524571867540716,1.6700337606215148,0.8227812699175804,0.8711801681480263,1.0,False,False,False,0.9064243167378057,1.0,False,False,False
C#,vuln_info,repo_age_days,215,-0.00013577479660839954,0.9998642344203722,0.9995245902136003,1.0002039940401997,0.43346983831888564,0.531985710664087,1.0,False,False,False,0.5709114943712152,1.0,False,False,False
C#,vuln_info,staleness_days,215,-0.0006689655618647283,0.9993312581457098,0.998384408612888,1.0002790056533297,0.16661375238876674,0.3045627569010249,1.0,False,False,False,0.2976822003996464,1.0,False,False,False
C#,vuln_major,commits_last_12m,215,0.00879059924094295,1.0088293500227534,0.9987254737894862,1.0190354448512366,0.0869631200728776,0.2134549310879723,1.0,False,False,False,0.18061571092059195,1.0,False,False,False
C#,vuln_major,log_forks,215,-0.3605138532191523,0.6973179149381967,0.4419079618879165,1.1003473945488333,0.12136400110203302,0.25836209662533816,1.0,False,False,False,0.22914881326957282,1.0,False,False,False
C#,vuln_major,log_stars,215,0.5641305199177307,1.757918642793636,1.158611797810882,2.667224656714431,0.007999630881446352,0.05399750844976288,0.43198006759810303,True,False,False,0.02999861580542382,1.0,True,False,False
C#,vuln_major,owner_is_org,215,-0.6942631304843481,0.49944233625807755,0.2560146499050504,0.9743295836368693,0.041726543579276985,0.1325431384282916,1.0,True,False,False,0.10185111482231698,1.0,False,False,False
C#,vuln_major,repo_age_days,215,0.00035627731899472804,1.0003563407932967,0.9998767546914069,1.0008361569263657,0.14533802931672948,0.28029477082512116,1.0,False,False,False,0.2633642141981004,1.0,False,False,False
C#,vuln_major,staleness_days,215,-1.567600272392596e-05,0.9999843241201439,0.9986351436558826,1.0013353273601575,0.9818441742269861,0.9984616418978622,1.0,False,False,False,0.9854941525698373,1.0,False,False,False
C#,vuln_minor,commits_last_12m,215,0.010731613414481445,1.0107894037204523,1.002122851836295,1.0195309056183959,0.01458039381308345,0.06683961668712292,0.7873412659065063,True,False,False,0.047430196741355804,1.0,True,False,False
C#,vuln_minor,log_forks,215,-0.15930761606545085,0.8527340039397213,0.6217974319057069,1.1694407923919166,0.3228520765348135,0.4470259521251264,1.0,False,False,False,0.46121725219259074,1.0,False,False,False
C#,vuln_minor,log_stars,215,0.5587704936879005,1.7485213600977814,1.3468855845675478,2.2699232820877127,2.7113479091623974e-05,0.0011903026714379513,0.0014641278709476946,True,True,True,0.00026145140552637404,0.007320639354738473,True,True,False
C#,vuln_minor,owner_is_org,215,-0.7919462316338152,0.4529623671682298,0.24393435481491008,0.8411070520440905,0.01214388361809231,0.06557697153769848,0.6557697153769847,True,False,False,0.040985607211061544,1.0,True,False,False
C#,vuln_minor,repo_age_days,215,0.00024394623581571484,1.0002439759931183,0.99983506343792,1.000653055785378,0.24227955816877544,0.3738027468889678,1.0,False,False,False,0.38012339098028597,1.0,False,False,False
C#,vuln_minor,staleness_days,215,0.00011435009653393837,1.0001143566347555,0.9991662922472863,1.001063320598291,0.8131885697769541,0.8711801681480263,1.0,False,False,False,0.9035428553077267,1.0,False,False,False
C#,vulnerabilities,commits_last_12m,215,-0.0015236582489903594,0.9984775019289265,0.9924305221747447,1.0045613265436102,0.6229980332716336,0.7008727874305879,1.0,False,False,False,0.7475976399259603,1.0,False,False,False
C#,vulnerabilities,log_forks,215,0.21218675884558652,1.2363787681895555,0.7902010125977426,1.9344855727337367,0.352880740542038,0.4763889997317513,1.0,False,False,False,0.49366735723497546,1.0,False,False,False
C#,vulnerabilities,log_stars,215,-0.1482498380846197,0.8622156737180039,0.506376069176444,1.4681101917277855,0.5851059223500935,0.6826233076427504,1.0,False,False,False,0.714835289748983,1.0,False,False,False
C#,vulnerabilities,owner_is_org,215,-1.3789493467519294,0.25184301378760743,0.05250351346103492,1.2080125578775855,0.08475541647987477,0.2134549310879723,1.0,False,False,False,0.17739505774857509,1.0,False,False,False
C#,vulnerabilities,repo_age_days,215,0.0006459080375482402,1.0006461166810638,1.0000278581675586,1.0012647574275102,0.04052995588237298,0.1325431384282916,1.0,True,False,False,0.10132488970593244,1.0,False,False,False
C#,vulnerabilities,staleness_days,215,-0.0012457969816360758,0.9987549787012757,0.9968212609028388,1.0006924476882864,0.2077008465013297,0.3398741124567213,1.0,False,False,False,0.3398741124567213,1.0,False,False,False
Java,bugs,commits_last_12m,262,-0.00024278927119271367,0.9997572401997372,0.9961247361112847,1.0034029907075128,0.895988758781137,0.958790176069893,1.0,False,False,False,0.9584737255380957,1.0,False,False,False
Java,bugs,log_forks,262,-0.15898646259475246,0.8530079064046785,0.6116684479271415,1.189570086301988,0.34878678608483693,0.5090401742859781,1.0,False,False,False,0.4904814179318019,1.0,False,False,False
Java,bugs,log_stars,262,0.3285610472446028,1.388968030411074,0.9908805244851772,1.9469876961265054,0.056546942528402214,0.19084593103335748,1.0,False,False,False,0.129387071887022,1.0,False,False,False
Java,bugs,owner_is_org,262,1.0914010441545374,2.978444082368235,1.5520750895608297,5.715657194333622,0.0010314535998582628,0.011139698878469238,0.05569849439234619,True,True,False,0.005569849439234619,0.27849247196173094,True,False,False
Java,bugs,repo_age_days,262,-0.0002479283371849787,0.9997521023945054,0.99932259788868,1.000181791499499,0.2581176253103744,0.44818140237191667,1.0,False,False,False,0.39373875047345247,1.0,False,False,False
Java,bugs,staleness_days,262,-0.001378235475001557,0.9986227138553271,0.997128836987789,1.0001188288168932,0.07116843228269622,0.21350529684808867,1.0,False,False,False,0.15622338793762586,1.0,False,False,False
Java,code_smells,commits_last_12m,262,0.002270461361806129,1.0022730408110143,0.9982747271083751,1.006287368654882,0.265588979183358,0.44818140237191667,1.0,False,False,False,0.4006090747458472,1.0,False,False,False
Java,code_smells,log_forks,262,0.009629373581487877,1.0096758851718908,0.6293549087304443,1.6198259185013755,0.9681510567859419,0.9790885878811886,1.0,False,False,False,0.9808296902138227,1.0,False,False,False
Java,code_smells,log_stars,262,0.009239141492988632,1.0092819541097824,0.6242748254005605,1.6317333671721477,0.9699315825447803,0.9790885878811886,1.0,False,False,False,0.9808296902138227,1.0,False,False,False
Java,code_smells,owner_is_org,262,0.21343178674598992,1.2379190529011725,0.5846032331783061,2.62133955914735,0.5771383478011951,0.677510234375316,1.0,False,False,False,0.711540428795994,1.0,False,False,False
Java,code_smells,repo_age_days,262,-0.00043917085170014196,0.9995609255697027,0.9991205195012733,1.000001525766369,0.05079847592080087,0.1828745133148831,1.0,False,False,False,0.11823783188462271,1.0,False,False,False
Java,code_smells,staleness_days,262,-0.0030368573328169515,0.9969677492540507,0.9957869503182346,0.9981499483750433,5.100203630481139e-07,1.3770549802299074e-05,2.754109960459815e-05,True,True,True,8.100323413117103e-06,0.00013770549802299075,True,True,False
Java,security_hotspots,commits_last_12m,262,0.0011578428096875439,1.001158513368449,0.9978201803676029,1.004508015182518,0.49686437151465856,0.5962372458175903,1.0,False,False,False,0.6297227353173186,1.0,False,False,False
Java,security_hotspots,log_forks,262,0.14414504785825327,1.155051634140708,0.8652381170239589,1.5419388620094472,0.3281098883840702,0.49216483257610527,1.0,False,False,False,0.46626142033525764,1.0,False,False,False
Java,security_hotspots,log_stars,262,0.16457230298275272,1.1788888036470677,0.8063983425915999,1.7234395682138295,0.3956640885796817,0.5331226790566858,1.0,False,False,False,0.5395419389722933,1.0,False,False,False
Java,security_hotspots,owner_is_org,262,-0.35660984228951187,0.7000455726378652,0.3076082902385344,1.5931423804925975,0.39534406022223445,0.5331226790566858,1.0,False,False,False,0.5395419389722933,1.0,False,False,False
Java,security_hotspots,repo_age_days,262,-0.0005069938801116035,0.9994931346195686,0.9990322090887767,0.9999542728085139,0.03121917258806081,0.12967963998117568,1.0,True,False,False,0.08183666600753804,1.0,False,False,False
Java,security_hotspots,staleness_days,262,0.0002399176315490329,1.0002399464140859,0.9987157279188055,1.001766491138899,0.7578202584561903,0.8351488562578423,1.0,False,False,False,0.856114936331261,1.0,False,False,False
Java,vuln_blocker,commits_last_12m,262,0.002604617649043732,1.00260801261248,0.999462440330051,1.005763484841705,0.10425184098628522,0.25339821710009747,1.0,False,False,False,0.20850368197257044,1.0,False,False,False
Java,vuln_blocker,log_forks,262,0.18234546282746297,1.2000286875831119,0.8805033436543998,1.6355063968816423,0.24836242287798005,0.44705236118036407,1.0,False,False,False,0.383256494201507,1.0,False,False,False
Java,vuln_blocker,log_stars,262,0.0739384555429431,1.0767405360453,0.6910415188515386,1.6777142188068672,0.7438482780286467,0.8351488562578423,1.0,False,False,False,0.8448278272770101,1.0,False,False,False
Java,vuln_blocker,owner_is_org,262,-0.4112564486121467,0.6628169313213466,0.29391032874151146,1.4947629990663776,0.3215998855992419,0.49216483257610527,1.0,False,False,False,0.46121725219259074,1.0,False,False,False
Java,vuln_blocker,repo_age_days,262,-0.0005180456623932617,0.9994820885000925,0.9990794887004903,0.9998848505356333,0.011729763994576477,0.06334072557071298,0.6334072557071297,True,False,False,0.0406030292119955,1.0,True,False,False
Java,vuln_blocker,staleness_days,262,0.001289466575052076,1.0012902982945293,0.9991961712857146,1.0033888141991933,0.22737503785901203,0.4336119890332103,1.0,False,False,False,0.3654241679876979,1.0,False,False,False
Java,vuln_critical,commits_last_12m,262,0.003619996972833118,1.0036265570753367,0.9993087770465525,1.007962993224036,0.09984007677066184,0.25339821710009747,1.0,False,False,False,0.20268286261713306,1.0,False,False,False
Java,vuln_critical,log_forks,262,-0.19943689220436853,0.8191919165777584,0.5677754554186655,1.181938017541643,0.2862983051650919,0.46848813572469583,1.0,False,False,False,0.42011164344877616,1.0,False,False,False
Java,vuln_critical,log_stars,262,0.29657960839607783,1.3452496489014805,0.9386616771226868,1.9279540882257857,0.10626285525376558,0.25339821710009747,1.0,False,False,False,0.21096302145968168,1.0,False,False,False
Java,vuln_critical,owner_is_org,262,0.6721443594627915,1.9584324042030445,1.1082992524564659,3.460669555926796,0.02066988786282396,0.10147035859931762,1.0,True,False,False,0.06132823871387329,1.0,False,False,False
Java,vuln_critical,repo_age_days,262,-0.0005443334281017805,0.9994558146944614,0.99905960566069,0.999852180857595,0.007130102826224505,0.055003650373731894,0.38502555261612326,True,False,False,0.027501825186865947,1.0,True,False,False
Java,vuln_critical,staleness_days,262,-0.002789430826816328,0.997214456020482,0.9959785666824182,0.9984518789482304,1.0402775651007246e-05,0.00018724996171813043,0.0005617498851543912,True,True,True,0.00011703122607383151,0.0028087494257719565,True,True,False
Java,vuln_info,commits_last_12m,262,9.31267008304665e-05,1.0000931310372563,0.9985562897570733,1.0016323376133616,0.9055240551771212,0.958790176069893,1.0,False,False,False,0.9625649405426091,1.0,False,False,False
Java,vuln_info,log_forks,262,0.3012190701463527,1.3515053835920237,0.9303719724703193,1.9632650766857596,0.11384794936756681,0.25615788607702533,1.0,False,False,False,0.219563902351736,1.0,False,False,False
Java,vuln_info,log_stars,262,-0.26948687335135935,0.7637713052141275,0.5028867954949832,1.1599958716241763,0.2062688762609295,0.412537752521859,1.0,False,False,False,0.33958900360031075,1.0,False,False,False
Java,vuln_info,owner_is_org,262,0.010950550297487592,1.0110107270289121,0.44580471232630886,2.292803691629368,0.9790885878811886,0.9790885878811886,1.0,False,False,False,0.9854941525698373,1.0,False,False,False
Java,vuln_info,repo_age_days,262,-0.0003997629446832155,0.999600316949876,0.99901470510198,1.00018627207724,0.18121409139344857,0.3854976451251604,1.0,False,False,False,0.309669649849564,1.0,False,False,False
Java,vuln_info,staleness_days,262,-0.00043938207704122544,0.9995607144371276,0.9977005228459463,1.0014243743163136,0.6438558113276527,0.7397492300360266,1.0,False,False,False,0.7624608292037992,1.0,False,False,False
Java,vuln_major,commits_last_12m,262,0.0015878750029754574,1.001589136344017,0.9974846785810663,1.005710483161897,0.4485161478804066,0.5504516360350445,1.0,False,False,False,0.579422774773731,1.0,False,False,False
Java,vuln_major,log_forks,262,-0.3309362309395052,0.7182509697697618,0.5243712993873502,0.9838152015145325,0.03924446950456996,0.15137152523191272,1.0,True,False,False,0.10046389198886421,1.0,False,False,False
Java,vuln_major,log_stars,262,0.40418605167306043,1.498082641813405,1.0959679162024039,2.04773476351306,0.011257003756940148,0.06334072557071298,0.607878202874768,True,False,False,0.03999198703123473,1.0,True,False,False
Java,vuln_major,owner_is_org,262,0.650434405275579,1.9163731308206662,1.1641058942989126,3.1547696773266245,0.01054502834550208,0.06334072557071298,0.5694315306571123,True,False,False,0.03847510342277786,1.0,True,False,False
Java,vuln_major,repo_age_days,262,-0.0003705066371074103,0.9996295619920006,0.9993054661231373,0.9999537629719993,0.02512735625950528,0.11307310316777376,1.0,True,False,False,0.06922843051088189,1.0,False,False,False
Java,vuln_major,staleness_days,262,-0.002987965904432206,0.9970164936229465,0.9959746380796698,0.9980594390162371,2.1270711702010507e-08,1.1486184319085675e-06,1.1486184319085673e-06,True,True,True,5.220992872311669e-07,5.7430921595428365e-06,True,True,False
Java,vuln_minor,commits_last_12m,262,0.007062954846716387,1.0070879563391095,0.999658701345041,1.014572424006956,0.06153871219063798,0.1954759093114383,1.0,False,False,False,0.13846210242893547,1.0,False,False,False
Java,vuln_minor,log_forks,262,0.37502909933587414,1.4550337545180978,0.7857658582853627,2.6943436196208044,0.23286569781413147,0.4336119890332103,1.0,False,False,False,0.3701218370769146,1.0,False,False,False
Java,vuln_minor,log_stars,262,-0.47181043957561936,0.6238717631057935,0.35106849421011765,1.1086610824376113,0.10776275930902214,0.25339821710009747,1.0,False,False,False,0.21116518091674794,1.0,False,False,False
Java,vuln_minor,owner_is_org,262,-0.4236512923889999,0.6546521242899154,0.2519783794402687,1.7008181606267165,0.3844724476054413,0.5331226790566858,1.0,False,False,False,0.5296304125176997,1.0,False,False,False
Java,vuln_minor,repo_age_days,262,-0.00025253744217951316,0.9997474944427163,0.9991064010857966,1.0003889991679265,0.44033936071357715,0.5504516360350445,1.0,False,False,False,0.5743556878872745,1.0,False,False,False
Java,vuln_minor,staleness_days,262,-0.0024303387614651624,0.9975726121207507,0.9959856424417177,0.9991621104233449,0.0027725929422009045,0.02495333647980814,0.14972001887884884,True,True,False,0.012688137193122782,0.7486000943942442,True,False,False
Java,vulnerabilities,commits_last_12m,262,0.002134377819484181,1.0021366572252381,0.9981414963498394,1.0061478091304445,0.29499033016606224,0.46851405379315764,1.0,False,False,False,0.4282117695958968,1.0,False,False,False
Java,vulnerabilities,log_forks,262,0.21448300363345074,1.2392210585401502,0.9020358807537134,1.702447612888983,0.18560997728248463,0.3854976451251604,1.0,False,False,False,0.3132168366641928,1.0,False,False,False
Java,vulnerabilities,log_stars,262,0.37582218391728556,1.4561881770710936,0.9209192036385366,2.3025733404881086,0.10792887024633782,0.25339821710009747,1.0,False,False,False,0.21116518091674794,1.0,False,False,False
Java,vulnerabilities,owner_is_org,262,-1.9532510329057207,0.14181228494666254,0.05432217716472338,0.3702120425109404,6.618641446550766e-05,0.0008935165952843534,0.0035740663811374136,True,True,True,0.0005584478720527208,0.017870331905687067,True,True,False
Java,vulnerabilities,repo_age_days,262,-0.0002000101914208057,0.9998000098092841,0.9993196582381486,1.0002805922751388,0.41465097259964445,0.5331226790566858,1.0,False,False,False,0.5569938437905672,1.0,False,False,False
Java,vulnerabilities,staleness_days,262,0.0007465101134778719,1.0007467888215011,0.9989739806343041,1.0025227430855024,0.4092558244328248,0.5331226790566858,1.0,False,False,False,0.5524953629843136,1.0,False,False,False
JavaScript,bugs,commits_last_12m,3698,-1.0827916989732065e-05,0.999989172141632,0.9999846859906909,0.9999936583126988,2.2389058431306332e-06,1.34334350587838e-05,0.00012090091552905419,True,True,True,2.8785932268822425e-05,0.000604504577645271,True,True,False
JavaScript,bugs,log_forks,3698,0.8284479671638898,2.289762194927118,1.4401009828133882,3.6407244852195584,0.0004627929159635299,0.0013153061822121375,0.024990817462030614,True,True,True,0.002905909007212862,0.12495408731015308,True,False,False
JavaScript,bugs,log_stars,3698,-0.4986100945207661,0.6073742661306736,0.4273353662664781,0.8632646120090448,0.00544178096798991,0.010473218747431755,0.2938561722714551,True,True,False,0.022261831232685995,1.0,True,False,False
JavaScript,bugs,owner_is_org,3698,-0.9706428424711906,0.37883942573697515,0.19502686356030927,0.7358950857984742,0.004167390369376953,0.00865534922870598,0.22503907994635544,True,True,False,0.01758117812080902,1.0,True,False,False
JavaScript,bugs,repo_age_days,3698,0.000452982554515538,1.000453085166606,0.9999695749519832,1.0009368291704697,0.06626828289321977,0.08728017746911872,1.0,False,False,False,0.14665931459974868,1.0,False,False,False
JavaScript,bugs,staleness_days,3698,0.0006220244062921331,1.000622217903591,0.9987013940385921,1.0025467361304308,0.5257647533556272,0.5678259336240774,1.0,False,False,False,0.657205941694534,1.0,False,False,False
JavaScript,code_smells,commits_last_12m,3698,-2.9229348068051013e-06,0.999997077069465,0.9999918349323073,1.0000023192341028,0.2744642217295781,0.30877224944577536,1.0,False,False,False,0.40494721238790204,1.0,False,False,False
JavaScript,code_smells,log_forks,3698,0.3441653703964892,1.4108119227447813,1.0960344093096945,1.8159925130566077,0.007543583271525753,0.01314043537620615,0.4073534966623906,True,True,False,0.02868686596214019,1.0,True,False,False
JavaScript,code_smells,log_stars,3698,-0.34568307458944536,0.7077367513275885,0.5259876409685564,0.9522872215350627,0.022441373903134755,0.032752275426196666,1.0,True,True,False,0.0644592654664509,1.0,False,False,False
JavaScript,code_smells,owner_is_org,3698,-0.7296664091173533,0.48206977735265333,0.30343919316969853,0.7658577911748924,0.0020054218444491142,0.004708381721750094,0.10829277960025217,True,True,False,0.00984479814547747,0.5414638980012608,True,False,False
JavaScript,code_smells,repo_age_days,3698,0.0005777399653457833,1.0005779068892242,1.000169125411639,1.0009868554408494,0.005586806095414862,0.010473218747431755,0.30168752915240254,True,True,False,0.022332598799670655,1.0,True,False,False
JavaScript,code_smells,staleness_days,3698,-0.001748769825395171,0.9982527583815987,0.9973732834933507,0.9991330087829788,0.00010077517614243362,0.0003887042508351011,0.005441859511691415,True,True,True,0.0008245241684380932,0.027209297558457076,True,True,False
JavaScript,security_hotspots,commits_last_12m,3698,2.0896028212245217e-05,1.0000208962465358,0.9999879558464232,1.0000538377317314,0.21374786033513005,0.25092140126297874,1.0,False,False,False,0.3476621824728019,1.0,False,False,False
JavaScript,security_hotspots,log_forks,3698,0.6056182665245918,1.8323847608980337,1.5193437645421775,2.2099237778377936,2.357636847517164e-10,6.365619488296343e-09,1.2731238976592686e-08,True,True,True,9.093742126137633e-09,6.365619488296344e-08,True,True,False
JavaScript,security_hotspots,log_stars,3698,-0.43813626847416337,0.6452378512888127,0.526516843275833,0.7907285209443812,2.4083673087087e-05,0.00010003987282328445,0.0013005183467026979,True,True,True,0.00024083673087086998,0.00650259173351349,True,True,False
JavaScript,security_hotspots,owner_is_org,3698,-0.8475509183443127,0.4284629888825807,0.29128273153351064,0.6302485968725353,1.6732457111413942e-05,7.529605700136274e-05,0.0009035526840163528,True,True,True,0.00017376013154160632,0.004517763420081765,True,True,False
JavaScript,security_hotspots,repo_age_days,3698,4.5600780729724214e-05,1.000045601820461,0.9998044801861347,1.0002867816057999,0.710906100900762,0.738248643243099,1.0,False,False,False,0.8190952923642031,1.0,False,False,False
JavaScript,security_hotspots,staleness_days,3698,-0.0009439557643086184,0.9990564896217813,0.9981377579144126,0.9999760669718916,0.04433072040915007,0.06138099748959241,1.0,True,False,False,0.10592296026965062,1.0,False,False,False
JavaScript,vuln_blocker,commits_last_12m,3698,2.0941266240923976e-05,1.0000209414855108,1.000017737727142,1.0000241452541434,1.4139140103474633e-37,7.635135655876302e-36,7.635135655876302e-36,True,True,True,3.8175678279381507e-35,3.8175678279381507e-35,True,True,False
JavaScript,vuln_blocker,log_forks,3698,0.36884025986978003,1.4460565919560053,1.2537536504275524,1.6678552971122529,4.0620065448517403e-07,3.1335479060284854e-06,2.1934835342199398e-05,True,True,True,6.8546360444373115e-06,0.00010967417671099698,True,True,False
JavaScript,vuln_blocker,log_stars,3698,-0.32023749538211993,0.7259766005079097,0.602121522882211,0.8753083961559746,0.0007925353681344128,0.002139845493962915,0.04279690987925829,True,True,True,0.004552862753112584,0.21398454939629147,True,False,False
JavaScript,vuln_blocker,owner_is_org,3698,-1.1622120365278956,0.3127935043947939,0.2046679259397504,0.47804156876235604,7.854711679765731e-08,7.069240511789159e-07,4.241544307073495e-06,True,True,True,1.7673101279472895e-06,2.1207721535367474e-05,True,True,False
JavaScript,vuln_blocker,repo_age_days,3698,0.00033972768838706784,1.0003397854023737,1.0001324003371148,1.0005472134705042,0.0013205705046035738,0.0032414003294814996,0.07131080724859298,True,True,False,0.006727434646093678,0.35655403624296494,True,False,False
JavaScript,vuln_blocker,staleness_days,3698,-0.0012710295664963803,0.9987297778494637,0.9980457739822693,0.9994142504940453,0.00027671953892734327,0.0008301586167820299,0.014942855102076536,True,True,True,0.0018222994026922605,0.07471427551038268,True,False,False
JavaScript,vuln_critical,commits_last_12m,3698,-8.468855154955387e-06,0.9999915311807057,0.9999847620310647,0.9999983003761688,0.014203553595300757,0.02255858512194826,0.7669918941462409,True,True,False,0.04676779842355128,1.0,True,False,False
JavaScript,vuln_critical,log_forks,3698,0.1504519206586262,1.1623594182843748,1.0045371385539155,1.3449770699561598,0.0433040091327558,0.06138099748959241,1.0,True,False,False,0.10439359344503629,1.0,False,False,False
JavaScript,vuln_critical,log_stars,3698,-0.21106614132179533,0.8097205091253471,0.6775190957599675,0.9677178207985079,0.020298795590111732,0.030448193385167598,1.0,True,True,False,0.060896386770335195,1.0,False,False,False
JavaScript,vuln_critical,owner_is_org,3698,-0.5364935003339387,0.5847952457196715,0.42531561036531146,0.80407460032467,0.0009594307881494873,0.0024671077409558245,0.05180926256007232,True,True,False,0.005286659444905338,0.2590463128003616,True,False,False
JavaScript,vuln_critical,repo_age_days,3698,0.0004932559568007576,1.0004933776275244,1.000296810674634,1.0006899832075167,8.646223046855214e-07,5.8362005566272694e-06,4.6689604453018155e-05,True,True,True,1.2969334570282822e-05,0.0002334480222650908,True,True,False
JavaScript,vuln_critical,staleness_days,3698,-0.001299941809710881,0.9987009027486449,0.9981123157458822,0.9992898368412635,1.5473278671179407e-05,7.529605700136274e-05,0.0008355570482436879,True,True,True,0.0001671114096487376,0.00417778524121844,True,True,False
JavaScript,vuln_info,commits_last_12m,3698,-1.97742598750791e-05,0.9999802259356343,0.9999582182559394,1.0000022340996875,0.07823747721579997,0.10059104213459996,1.0,False,False,False,0.17035579716343544,1.0,False,False,False
JavaScript,vuln_info,log_forks,3698,0.20734247361588126,1.2304038804990236,1.06918930145202,1.4159267279340542,0.0038084036964339844,0.008226151984297407,0.20565379960743516,True,True,False,0.016660931378737507,1.0,True,False,False
JavaScript,vuln_info,log_stars,3698,-0.22756694390090929,0.7964691009641973,0.6779716743403424,0.9356777765205954,0.005624506364361498,0.010473218747431755,0.3037233436755209,True,True,False,0.022332598799670655,1.0,True,False,False
JavaScript,vuln_info,owner_is_org,3698,-0.2496964805833552,0.7790372001075306,0.5600403406176143,1.0836700771985295,0.13812916815196544,0.16575500178235852,1.0,False,False,False,0.25251261395012176,1.0,False,False,False
JavaScript,vuln_info,repo_age_days,3698,0.00021446504475709284,1.000214488044029,1.000036959914091,1.000392047689039,0.01788181365475858,0.027589083924484666,0.9656179373569633,True,True,False,0.05549528375614732,1.0,False,False,False
JavaScript,vuln_info,staleness_days,3698,-0.0009626184372820109,0.9990378447312158,0.9985487049696151,0.999527224098261,0.00011690843360466052,0.0003945659634157293,0.006313055414651668,True,True,True,0.0009018650592359526,0.03156527707325834,True,True,False
JavaScript,vuln_major,commits_last_12m,3698,-2.9329378966598774e-07,0.9999997067062534,0.9999915372361928,1.0000078762430546,0.9439033442305228,0.9439033442305228,1.0,False,False,False,0.9764748797028321,1.0,False,False,False
JavaScript,vuln_major,log_forks,3698,0.12896795790053422,1.1376536707696365,1.0023039882056424,1.2912807789307996,0.045980363966537305,0.062073491354825365,1.0,True,False,False,0.10795389800839193,1.0,False,False,False
JavaScript,vuln_major,log_stars,3698,-0.12013061449190666,0.8868045996201205,0.7646066213386263,1.0285320267441345,0.11227148079439128,0.13778772642948023,1.0,False,False,False,0.21808129362939313,1.0,False,False,False
JavaScript,vuln_major,owner_is_org,3698,-0.25850811934427786,0.7722027612436607,0.5765225550434396,1.0342996978277883,0.08295749068384994,0.1041791743471604,1.0,False,False,False,0.17535126521597738,1.0,False,False,False
JavaScript,vuln_major,repo_age_days,3698,0.00025396065179151753,1.000253992902528,1.0000880565050065,1.000419956832513,0.002698211870006628,0.0060709767075149135,0.14570344098035792,True,True,False,0.01256064146382396,0.7285172049017896,True,False,False
JavaScript,vuln_major,staleness_days,3698,-0.0012594571107945268,0.998741335672452,0.9983420031242258,0.9991408279519962,6.720733054434715e-10,9.072989623486865e-09,3.629195849394746e-08,True,True,True,2.0162199163304143e-08,1.8145979246973729e-07,True,True,False
JavaScript,vuln_minor,commits_last_12m,3698,2.1785436969159057e-05,1.0000217856742735,0.9999092479735298,1.0001343360409007,0.7043882395397758,0.738248643243099,1.0,False,False,False,0.8162438827284956,1.0,False,False,False
JavaScript,vuln_minor,log_forks,3698,0.21196400788590167,1.2361033943034447,1.11019603719085,1.3762899075686688,0.00011009806905700915,0.0003945659634157293,0.005945295729078494,True,True,True,0.0008743081954527198,0.02972647864539247,True,True,False
JavaScript,vuln_minor,log_stars,3698,-0.16284358031152013,0.8497240915976836,0.7492884804102878,0.963622223907868,0.01116944710420264,0.018848441988341957,0.6031501436269425,True,True,False,0.03999198703123473,1.0,True,False,False
JavaScript,vuln_minor,owner_is_org,3698,-0.31307876245503374,0.7311923197986286,0.5701162306045139,0.9377775615431968,0.013664225850253531,0.022359642300414866,0.7378681959136907,True,True,False,0.04554741950084511,1.0,True,False,False
JavaScript,vuln_minor,repo_age_days,3698,8.981353043796924e-05,1.0000898175637938,0.999944024618415,1.0002356317659455,0.22726794159188457,0.2611163584247185,1.0,False,False,False,0.3654241679876979,1.0,False,False,False
JavaScript,vuln_minor,staleness_days,3698,-0.0010132145132090993,0.9989872986152981,0.9986441613638176,0.9993305537698094,7.446957960962654e-09,8.042714597839667e-08,4.0213572989198334e-07,True,True,True,2.0106786494599167e-07,2.0106786494599165e-06,True,True,False
JavaScript,vulnerabilities,commits_last_12m,3698,-7.556053815211327e-07,0.999999244394904,0.9999836505414922,1.000014838491488,0.9243387367208091,0.9417790902438432,1.0,False,False,False,0.9748885113852284,1.0,False,False,False
JavaScript,vulnerabilities,log_forks,3698,0.5788407188490593,1.783969109756613,1.4846895990460112,2.1435765338497355,6.489638369653509e-10,9.072989623486865e-09,3.504404719612895e-08,True,True,True,2.0162199163304143e-08,1.7522023598064473e-07,True,True,False
JavaScript,vulnerabilities,log_stars,3698,-0.5438608960655009,0.5805026597286227,0.4586068796564484,0.7347978255460232,6.1125807841377355e-06,3.300793623434377e-05,0.0003300793623434377,True,True,True,7.175638311813864e-05,0.0016503968117171886,True,True,False
JavaScript,vulnerabilities,owner_is_org,3698,-1.075781791940068,0.3410310357399225,0.19557010633351515,0.594682743279326,0.00014950968769611705,0.00047491312562296,0.008073523135590321,True,True,True,0.0011213226577208779,0.0403676156779516,True,True,False
JavaScript,vulnerabilities,repo_age_days,3698,-8.276326948021053e-05,0.9999172401553047,0.999678155918075,1.0001563815722099,0.49755664833598334,0.5483277349008796,1.0,False,False,False,0.6297227353173186,1.0,False,False,False
JavaScript,vulnerabilities,staleness_days,3698,-0.0011080861402116666,0.9988925275605367,0.9980890910406004,0.9996966108265876,0.006953361974438383,0.01251605155398909,0.3754815466196727,True,True,False,0.027208807726063242,1.0,True,False,False
Python,bugs,commits_last_12m,3356,-2.7878690192175832e-05,0.9999721216984149,0.9999247840454083,1.0000194615924434,0.24840698698245822,0.6556131258541684,1.0,False,False,False,0.383256494201507,1.0,False,False,False
Python,bugs,log_forks,3356,-0.853273072914318,0.4260182586654177,0.2944681320926636,0.6163368355907618,5.943606068746193e-06,0.0003209547277122945,0.0003209547277122944,True,True,True,7.175638311813864e-05,0.0016047736385614722,True,True,False
Python,bugs,log_stars,3356,1.1708048064067613,3.224586762590337,1.7181537908969196,6.051821347171044,0.00026737658767464896,0.007219167867215522,0.014438335734431044,True,True,True,0.0018047919668038805,0.07219167867215522,True,False,False
Python,bugs,owner_is_org,3356,0.4572221726396213,1.579679806897747,0.5051961737711486,4.939444164220653,0.43182899138899944,0.8479321001751919,1.0,False,False,False,0.5709114943712152,1.0,False,False,False
Python,bugs,repo_age_days,3356,0.0007781709608789606,1.0007784738144534,0.9998840638287654,1.0016736838621199,0.08804373037644359,0.39619678669399616,1.0,False,False,False,0.18146417711175397,1.0,False,False,False
Python,bugs,staleness_days,3356,0.0006828839382084117,1.000683117156529,0.9977494530432279,1.0036254070677229,0.648481365566926,0.9069022392242697,1.0,False,False,False,0.7645850161706116,1.0,False,False,False
Python,code_smells,commits_last_12m,3356,0.00029756001161754687,1.0002976042869893,0.9993417773694592,1.0012543454113672,0.5418290379607986,0.9069022392242697,1.0,False,False,False,0.671072661694567,1.0,False,False,False
Python,code_smells,log_forks,3356,0.009930510623083644,1.0099799817659985,0.7275161679178405,1.4021125695219507,0.9526886296408191,0.954775437931658,1.0,False,False,False,0.9764748797028321,1.0,False,False,False
Python,code_smells,log_stars,3356,-0.23133614184070916,0.7934727018279039,0.5707514423691756,1.1031052780745036,0.16875941525841154,0.5474445363189314,1.0,False,False,False,0.2976822003996464,1.0,False,False,False
Python,code_smells,owner_is_org,3356,-0.38785324430363677,0.6785119114458814,0.3782058652533056,1.2172693664219156,0.19338056473820076,0.5497633895539887,1.0,False,False,False,0.32239211115820327,1.0,False,False,False
Python,code_smells,repo_age_days,3356,0.00028292697776167595,1.000282967005374,0.9999110881454146,1.0006549841715169,0.13588448436791084,0.5474445363189314,1.0,False,False,False,0.2512932245159995,1.0,False,False,False
Python,code_smells,staleness_days,3356,-0.00024017540527117016,0.9997598534345326,0.9988390458658353,1.00068150987531,0.6094478882211882,0.9069022392242697,1.0,False,False,False,0.7378965462767749,1.0,False,False,False
Python,security_hotspots,commits_last_12m,3356,0.00012052330480269242,1.000120530568028,0.9991605630914653,1.0010814203563694,0.8056948050258574,0.954775437931658,1.0,False,False,False,0.8989156915577748,1.0,False,False,False
Python,security_hotspots,log_forks,3356,0.016224531639668506,1.0163568640616485,0.707476187038227,1.46009334879481,0.9300538937183488,0.954775437931658,1.0,False,False,False,0.9764748797028321,1.0,False,False,False
Python,security_hotspots,log_stars,3356,0.03174061706404052,1.0322497226137946,0.717097352497398,1.4859063223777864,0.8644010820614471,0.954775437931658,1.0,False,False,False,0.9373149707100487,1.0,False,False,False
Python,security_hotspots,owner_is_org,3356,-0.3957533254025192,0.6731727300705683,0.38131705935886706,1.1884113584443137,0.17234365032262655,0.5474445363189314,1.0,False,False,False,0.30021151991683337,1.0,False,False,False
Python,security_hotspots,repo_age_days,3356,1.917460140448153e-05,1.0000191747852383,0.9996785334573957,1.000359932186909,0.9121642190944149,0.954775437931658,1.0,False,False,False,0.9658209378646746,1.0,False,False,False
Python,security_hotspots,staleness_days,3356,-0.00038993970120899745,0.9996101363153953,0.9987825242206679,1.0004384341868187,0.3561535965174647,0.7537550035060578,1.0,False,False,False,0.49567768587482197,1.0,False,False,False
Python,vuln_blocker,commits_last_12m,3356,7.95985617819471e-05,1.0000796017298315,0.9988617001528275,1.0012989882814332,0.8981253798560674,0.954775437931658,1.0,False,False,False,0.9584737255380957,1.0,False,False,False
Python,vuln_blocker,log_forks,3356,0.004259610113215094,1.004268695147361,0.8667930804076212,1.1635482964154444,0.954775437931658,0.954775437931658,1.0,False,False,False,0.9764748797028321,1.0,False,False,False
Python,vuln_blocker,log_stars,3356,0.0055461842411382856,1.0055615927940103,0.8520350051812197,1.1867518479330132,0.9476861169347192,0.954775437931658,1.0,False,False,False,0.9764748797028321,1.0,False,False,False
Python,vuln_blocker,owner_is_org,3356,-0.3856250950579604,0.6800254227879586,0.49189735030730075,0.9401038150521592,0.019608375149982035,0.1625166200812951,1.0,True,False,False,0.05948608191567584,1.0,False,False,False
Python,vuln_blocker,repo_age_days,3356,0.00025688315375259736,1.0002569161510553,1.000033699868902,1.0004801822570384,0.024076536308340016,0.1625166200812951,1.0,True,False,False,0.0677152583672063,1.0,False,False,False
Python,vuln_blocker,staleness_days,3356,-9.399290806524286e-05,0.9999060115091297,0.9992186802953884,1.0005938155164713,0.7887695188636157,0.954775437931658,1.0,False,False,False,0.8836836933326815,1.0,False,False,False
Python,vuln_critical,commits_last_12m,3356,0.00030188004203106236,1.0003019256123964,0.9993460158982983,1.0012587496878538,0.5360116741406964,0.9069022392242697,1.0,False,False,False,0.6669269678248296,1.0,False,False,False
Python,vuln_critical,log_forks,3356,0.12495561717269374,1.133098161850763,0.9539181987011073,1.3459345320571536,0.15479799245518938,0.5474445363189314,1.0,False,False,False,0.27863638641934085,1.0,False,False,False
Python,vuln_critical,log_stars,3356,-0.10719446252406273,0.8983509604080762,0.7468900584480862,1.0805264294761086,0.2551798346966817,0.6556131258541684,1.0,False,False,False,0.3914690645915003,1.0,False,False,False
Python,vuln_critical,owner_is_org,3356,-0.37880419027224255,0.6846796664804241,0.4616521943304765,1.0154533032635416,0.0596047570808412,0.29260517112412954,1.0,False,False,False,0.13523768413300105,1.0,False,False,False
Python,vuln_critical,repo_age_days,3356,0.0002598601128201289,1.000259893879384,1.0000369798334734,1.0004828576141291,0.022304026124548265,0.1625166200812951,1.0,True,False,False,0.0644592654664509,1.0,False,False,False
Python,vuln_critical,staleness_days,3356,-2.3271005021224215e-05,0.9999767292657465,0.9992936721421716,1.0006602532861377,0.9467811619734209,0.954775437931658,1.0,False,False,False,0.9764748797028321,1.0,False,False,False
Python,vuln_info,commits_last_12m,3356,-7.733753350492091e-06,0.9999922662765549,0.999972651199574,1.0000118817382975,0.43966849638713656,0.8479321001751919,1.0,False,False,False,0.5743556878872745,1.0,False,False,False
Python,vuln_info,log_forks,3356,0.06388678131706348,1.0659717040168077,0.8800851494827018,1.2911201540355397,0.5134679562229973,0.9069022392242697,1.0,False,False,False,0.6448202240939966,1.0,False,False,False
Python,vuln_info,log_stars,3356,-0.051523959350756376,0.9497808935560158,0.7734420872908941,1.1663235820586877,0.6229331550257995,0.9069022392242697,1.0,False,False,False,0.7475976399259603,1.0,False,False,False
Python,vuln_info,owner_is_org,3356,0.08744366898623801,1.0913807841253735,0.7282950229389189,1.6354800986440519,0.671779436462422,0.9069022392242697,1.0,False,False,False,0.781812275193336,1.0,False,False,False
Python,vuln_info,repo_age_days,3356,0.00015906004341683866,1.0001590726941363,0.9998781495896303,1.0004400747260502,0.267101643866513,0.6556131258541684,1.0,False,False,False,0.40065246579976954,1.0,False,False,False
Python,vuln_info,staleness_days,3356,8.218562227215088e-05,1.000082188999603,0.9993032529323015,1.0008617322313413,0.8362188201902828,0.954775437931658,1.0,False,False,False,0.9140853500055722,1.0,False,False,False
Python,vuln_major,commits_last_12m,3356,0.00020883187888981496,1.0002088536857845,0.9993467455936555,1.001071705494112,0.6350262222097203,0.9069022392242697,1.0,False,False,False,0.7586596460027631,1.0,False,False,False
Python,vuln_major,log_forks,3356,-0.06669285098867125,0.9354824897361819,0.810288226994391,1.0800199971424038,0.36291907576217597,0.7537550035060578,1.0,False,False,False,0.5025033356707052,1.0,False,False,False
Python,vuln_major,log_stars,3356,0.08334629045337016,1.0869181327587059,0.9308287213456791,1.2691819668088458,0.2920068938167275,0.6855814028740559,1.0,False,False,False,0.4261722234081969,1.0,False,False,False
Python,vuln_major,owner_is_org,3356,-0.21057735925277293,0.8101163827312059,0.5898191428917059,1.1126945632044227,0.19343526669492195,0.5497633895539887,1.0,False,False,False,0.32239211115820327,1.0,False,False,False
Python,vuln_major,repo_age_days,3356,0.00021828780100937402,1.000218311627525,1.0000105552001484,1.0004261112171793,0.0394413798178504,0.23664827890710238,1.0,True,False,False,0.10046389198886421,1.0,False,False,False
Python,vuln_major,staleness_days,3356,6.843979198984881e-05,1.0000684421340458,0.9994809560482564,1.0006562735389721,0.8194312471395522,0.954775437931658,1.0,False,False,False,0.9064243167378057,1.0,False,False,False
Python,vuln_minor,commits_last_12m,3356,0.00021067553625558392,1.000210697729905,0.9992797672685574,1.0011424954474026,0.657447949941623,0.9069022392242697,1.0,False,False,False,0.771786723844514,1.0,False,False,False
Python,vuln_minor,log_forks,3356,-0.04426643667194634,0.9566990238087584,0.8172235222332364,1.1199788029295261,0.5819115284213181,0.9069022392242697,1.0,False,False,False,0.7141641485170722,1.0,False,False,False
Python,vuln_minor,log_stars,3356,0.02862423454093488,1.0290378449379243,0.8661806275614693,1.2225150882162168,0.7447000847849201,0.954775437931658,1.0,False,False,False,0.8448278272770101,1.0,False,False,False
Python,vuln_minor,owner_is_org,3356,-0.2489859804840083,0.7795909027952164,0.5463774431766251,1.1123482188202123,0.16978910689461313,0.5474445363189314,1.0,False,False,False,0.2976822003996464,1.0,False,False,False
Python,vuln_minor,repo_age_days,3356,0.0002841394632075769,1.0002841798346485,1.0000622041169942,1.0005062048224571,0.012097703120609527,0.1625166200812951,0.6532759685129145,True,False,False,0.040985607211061544,1.0,True,False,False
Python,vuln_minor,staleness_days,3356,-2.316648856538414e-05,0.9999768337797756,0.9993457617528784,1.0006083043192984,0.942661282642106,0.954775437931658,1.0,False,False,False,0.9764748797028321,1.0,False,False,False
Python,vulnerabilities,commits_last_12m,3356,0.00036132202774455597,1.000361387312411,0.9993905697957705,1.0013331478904326,0.4657721484664248,0.8672998626616185,1.0,False,False,False,0.5988499051711176,1.0,False,False,False
Python,vulnerabilities,log_forks,3356,0.3862482594016814,1.4714499267521766,1.0897476497652587,1.9868497880269633,0.011705388998188673,0.1625166200812951,0.6320910059021884,True,False,False,0.0406030292119955,1.0,True,False,False
Python,vulnerabilities,log_stars,3356,-0.3786685059298859,0.6847725730935392,0.472506434293563,0.9923959608342938,0.04546947707843909,0.2455351762235711,1.0,True,False,False,0.10769086676472416,1.0,False,False,False
Python,vulnerabilities,owner_is_org,3356,-0.95678150646674,0.3841272095182261,0.16741478679544322,0.8813660723562522,0.023946417238737777,0.1625166200812951,1.0,True,False,False,0.0677152583672063,1.0,False,False,False
Python,vulnerabilities,repo_age_days,3356,0.0002560118273568893,1.0002560446011814,0.9997285977387143,1.0007837697393662,0.3414425851975462,0.7537550035060578,1.0,False,False,False,0.4826675288132853,1.0,False,False,False
Python,vulnerabilities,staleness_days,3356,-0.00025497632107341153,0.9997450561826261,0.9985935601112084,1.0008978800647323,0.664553376802683,0.9069022392242697,1.0,False,False,False,0.7767507001589802,1.0,False,False,False
TypeScript,bugs,commits_last_12m,6180,0.0023877257346113985,1.0023905786218887,1.0010468541265976,1.0037361068244808,0.0004853114634178706,0.0016379261890353133,0.026206819024565012,True,True,True,0.002978047616427842,0.13103409512282505,True,False,False
TypeScript,bugs,log_forks,6180,0.3656380144618679,1.441433370170886,1.1901041393644998,1.7458389496499684,0.00018377656637756477,0.0008269945486990416,0.009923934584388498,True,True,True,0.0013410722411335808,0.04961967292194249,True,True,False
TypeScript,bugs,log_stars,6180,0.005372919541416294,1.0053873795595205,0.8615366442480421,1.1732568657712747,0.9456268119526121,0.9634688272724727,1.0,False,False,False,0.9764748797028321,1.0,False,False,False
TypeScript,bugs,owner_is_org,6180,1.0253590909357118,2.788096460997038,1.6200385985822856,4.798331275950381,0.00021419051405271322,0.0008897144429881934,0.011566287758846513,True,True,True,0.001521879968269278,0.05783143879423257,True,False,False
TypeScript,bugs,repo_age_days,6180,0.0003044225179164689,1.0003044688591536,0.9999223238315004,1.0006867599329732,0.11840251582886054,0.16825620670417024,1.0,False,False,False,0.22513154418163625,1.0,False,False,False
TypeScript,bugs,staleness_days,6180,-2.6484599531705886e-05,0.9999735157511822,0.9988031235018238,1.0011452794600255,0.9646457069932161,0.9646457069932161,1.0,False,False,False,0.9808296902138227,1.0,False,False,False
TypeScript,code_smells,commits_last_12m,6180,0.003454143481160373,1.003460115909316,1.0025178131138262,1.0044033044093257,5.762045443739303e-13,6.223009079238447e-12,3.1115045396192237e-11,True,True,True,2.5929204496826862e-11,1.5557522698096118e-10,True,True,False
TypeScript,code_smells,log_forks,6180,0.18873175370320666,1.2077169434300807,1.0244229722812808,1.4238066256948476,0.024622104185690354,0.04562171292837335,1.0,True,True,False,0.06853575391893191,1.0,False,False,False
TypeScript,code_smells,log_stars,6180,-0.027984271155736484,0.9724036614667153,0.837736577439557,1.1287186286217727,0.7129162729836582,0.8020308071066156,1.0,False,False,False,0.8190952923642031,1.0,False,False,False
TypeScript,code_smells,owner_is_org,6180,0.4840330353926913,1.6226052481684228,1.2044324489329274,2.1859655090796437,0.0014563082690925314,0.0037447926919522236,0.0786406465309967,True,True,False,0.007281541345462657,0.39320323265498347,True,False,False
TypeScript,code_smells,repo_age_days,6180,-1.4591120420282357e-05,0.9999854089860296,0.9998058855105442,1.0001649646964506,0.873445701362806,0.907039766799837,1.0,False,False,False,0.939563105051624,1.0,False,False,False
TypeScript,code_smells,staleness_days,6180,-0.0002931892325812823,0.9997068537431817,0.9992252587182421,1.0001886808817173,0.23303967519657587,0.2996224395384547,1.0,False,False,False,0.3701218370769146,1.0,False,False,False
TypeScript,security_hotspots,commits_last_12m,6180,0.0031452126185889935,1.0031501639894742,1.0023626012728855,1.0039383454991344,4.19728172332136e-15,9.254440534284801e-14,2.2665321305935343e-13,True,True,True,3.4704152003568e-13,1.1332660652967671e-12,True,True,False
TypeScript,security_hotspots,log_forks,6180,0.19215584119218732,1.2118593598571712,1.103386170891572,1.3309964786732404,5.911408846087581e-05,0.0002901964342624813,0.0031921607768872935,True,True,True,0.0005320267961478823,0.015960803884436468,True,True,False
TypeScript,security_hotspots,log_stars,6180,-0.0947195803950572,0.9096279762249437,0.8368714135108225,0.9887099042610403,0.025953275059440763,0.04562171292837335,1.0,True,True,False,0.06932711278331244,1.0,False,False,False
TypeScript,security_hotspots,owner_is_org,6180,-0.021637517777298318,0.9785948940208501,0.839125358445916,1.1412454134114958,0.7826897183377807,0.8625560161273501,1.0,False,False,False,0.8805259331300033,1.0,False,False,False
TypeScript,security_hotspots,repo_age_days,6180,-3.901746708321184e-05,0.9999609832940882,0.9998478493952964,1.000074129994107,0.4991135753996525,0.5859159363387225,1.0,False,False,False,0.6297227353173186,1.0,False,False,False
TypeScript,security_hotspots,staleness_days,6180,-0.0005010922107885992,0.9994990333149457,0.9991790612597424,0.9998191078363836,0.0021594943285536327,0.005300576988268008,0.11661269374189617,True,True,False,0.010411847655526444,0.5830634687094809,True,False,False
TypeScript,vuln_blocker,commits_last_12m,6180,0.0009917260019607927,1.0009922179247963,1.0001633250204083,1.0018217977804351,0.018958460505579172,0.03937526412697213,1.0,True,True,False,0.05816800382393609,1.0,False,False,False
TypeScript,vuln_blocker,log_forks,6180,0.31833090678705145,1.3748311269152849,1.146255218950298,1.6489875869582498,0.0006006746585956119,0.0019080253861272376,0.032436431564163044,True,True,True,0.0036040479515736714,0.16218215782081521,True,False,False
TypeScript,vuln_blocker,log_stars,6180,-0.2626709708681837,0.7689948774068517,0.6425861350734732,0.9202705897324781,0.004146752877976209,0.00933019397544647,0.2239246554107153,True,True,False,0.01758117812080902,1.0,True,False,False
TypeScript,vuln_blocker,owner_is_org,6180,0.036321905457876884,1.0369896053823715,0.7503364856408821,1.4331536080810519,0.8258532663611118,0.8919215276700008,1.0,False,False,False,0.9064243167378057,1.0,False,False,False
TypeScript,vuln_blocker,repo_age_days,6180,0.0005416096924812049,1.0005417563894936,1.0003327382066585,1.0007508182463976,3.756588321803728e-07,2.5356971172175165e-06,2.0285576937740132e-05,True,True,True,6.761858979246711e-06,0.00010142788468870066,True,True,False
TypeScript,vuln_blocker,staleness_days,6180,-0.0003907049593628794,0.9996093713558806,0.9989244487340091,1.0002947636018547,0.2639021492857805,0.32387991048709425,1.0,False,False,False,0.40030101296157716,1.0,False,False,False
TypeScript,vuln_critical,commits_last_12m,6180,0.003501359760793492,1.0035074966813127,1.0026356739054547,1.0043800775340794,2.8877962051829483e-15,9.254440534284801e-14,1.5594099507987922e-13,True,True,True,3.4704152003568e-13,7.79704975399396e-13,True,True,False
TypeScript,vuln_critical,log_forks,6180,0.1831507867966624,1.2009954886907508,1.0657178413115842,1.3534446998469865,0.0026656981184995836,0.0062585955825642395,0.1439476983989775,True,True,False,0.01256064146382396,0.7197384919948876,True,False,False
TypeScript,vuln_critical,log_stars,6180,-0.07792156925792335,0.9250369750348865,0.8248158755325419,1.0374356636009403,0.18292229836903018,0.24092205151042997,1.0,False,False,False,0.31062277081533424,1.0,False,False,False
TypeScript,vuln_critical,owner_is_org,6180,0.3227279692789093,1.380889655398882,1.1368720631238964,1.6772830490248702,0.0011419724353593506,0.0030833255754702466,0.06166651150940493,True,True,False,0.00604573642249068,0.30833255754702465,True,False,False
TypeScript,vuln_critical,repo_age_days,6180,0.00015336975954562834,1.0001533815212884,0.9999979296399928,1.0003088575679218,0.05313052427993206,0.08197280888903805,1.0,False,False,False,0.1226089021844586,1.0,False,False,False
TypeScript,vuln_critical,staleness_days,6180,-0.0005695680447358035,0.999430594128352,0.9989299082952372,0.9999315309163149,0.025895211393169106,0.04562171292837335,1.0,True,True,False,0.06932711278331244,1.0,False,False,False
TypeScript,vuln_info,commits_last_12m,6180,0.001749656864236804,1.0017511884069026,1.001047763854235,1.002455107247774,1.0505706142527337e-06,5.673081316964762e-06,5.673081316964762e-05,True,True,True,1.4182703292411906e-05,0.0002836540658482381,True,True,False
TypeScript,vuln_info,log_forks,6180,0.1971636620266578,1.2179433554732453,1.0962682797014658,1.353123176696658,0.00024111335615352398,0.0009300086594493069,0.013020121232290295,True,True,True,0.0016692463118320893,0.06510060616145148,True,False,False
TypeScript,vuln_info,log_stars,6180,-0.06108039366837222,0.9407476065847299,0.8489622988864994,1.0424562556613801,0.24356054310959063,0.3058667285562301,1.0,False,False,False,0.38012339098028597,1.0,False,False,False
TypeScript,vuln_info,owner_is_org,6180,0.4710943094672823,1.6017460403672337,1.344500306740095,1.9082110766138083,1.3348705883598725e-07,1.0297573110204731e-06,7.208301177143312e-06,True,True,True,2.574393277551183e-06,3.604150588571656e-05,True,True,False
TypeScript,vuln_info,repo_age_days,6180,-3.682549526722391e-05,0.999963175182783,0.999808017329725,1.000118357114423,0.6418392181001016,0.7374322931362869,1.0,False,False,False,0.7624608292037992,1.0,False,False,False
TypeScript,vuln_info,staleness_days,6180,-3.6938144111622014e-05,0.9999630625380932,0.9995279527930674,1.0003983616930197,0.867884232138934,0.907039766799837,1.0,False,False,False,0.9373149707100487,1.0,False,False,False
TypeScript,vuln_major,commits_last_12m,6180,0.002813557348791815,1.002817519115951,1.0020957140024023,1.0035398441425325,1.8796855436125854e-14,2.5375754838769904e-13,1.0150301935507962e-12,True,True,True,1.0150301935507962e-12,5.075150967753981e-12,True,True,False
TypeScript,vuln_major,log_forks,6180,0.22200179273245707,1.248573616220724,1.150677632931255,1.3547982775603593,9.876483192741894e-08,8.888834873467704e-07,5.333300924080623e-06,True,True,True,2.051269586184855e-06,2.6666504620403113e-05,True,True,False
TypeScript,vuln_major,log_stars,6180,-0.09186965691629947,0.9122240438913007,0.8430585007409488,0.9870640121913651,0.0223942854604109,0.0447885709208218,1.0,True,True,False,0.0644592654664509,1.0,False,False,False
TypeScript,vuln_major,owner_is_org,6180,0.13362946419382726,1.1429692301468322,1.0049696929037837,1.2999184654890044,0.04180299517559267,0.06650278673692461,1.0,True,False,False,0.10185111482231698,1.0,False,False,False
TypeScript,vuln_major,repo_age_days,6180,-4.2015253920163436e-05,0.9999579856287083,0.9998503130690736,1.0000656697834587,0.4444320354571337,0.5333184425485604,1.0,False,False,False,0.5769069691030101,1.0,False,False,False
TypeScript,vuln_major,staleness_days,6180,-0.00028653634008662135,0.9997135047075298,0.9993895516373269,1.0000375627874274,0.08312948869498188,0.12469423304247282,1.0,False,False,False,0.17535126521597738,1.0,False,False,False
TypeScript,vuln_minor,commits_last_12m,6180,0.002833816936357911,1.0028378359910974,1.0021261299468305,1.0035500474862036,5.141355852380445e-15,9.254440534284801e-14,2.77633216028544e-13,True,True,True,3.4704152003568e-13,1.38816608014272e-12,True,True,False
TypeScript,vuln_minor,log_forks,6180,0.1941233318699397,1.2142460289551342,1.1235900291135499,1.3122165386217668,9.420174403604449e-07,5.6521046421626695e-06,5.086894177946403e-05,True,True,True,1.3386563626174743e-05,0.0002543447088973201,True,True,False
TypeScript,vuln_minor,log_stars,6180,-0.05116125652099559,0.9501254442547409,0.8820065532411073,1.0235052749925475,0.17769995528277416,0.23989493963174513,1.0,False,False,False,0.3075576149124938,1.0,False,False,False
TypeScript,vuln_minor,owner_is_org,6180,0.2203387603112955,1.2464989234355854,1.098434481599188,1.414521841907209,0.0006374545340081694,0.0019123636020245082,0.034422544836441145,True,True,True,0.0037415809604827333,0.17211272418220572,True,False,False
TypeScript,vuln_minor,repo_age_days,6180,-0.0001629608642668363,0.9998370524131336,0.9997416540642511,0.9999324598652127,0.0008159281423037631,0.0023189536676001686,0.04406011968440321,True,True,True,0.004589595800458667,0.22030059842201605,True,False,False
TypeScript,vuln_minor,staleness_days,6180,-0.00033789624945308435,0.9996621608310553,0.9993832170345691,0.9999411824852044,0.01764173981964547,0.03810615801043422,0.9526539502608553,True,True,False,0.055482781547865706,1.0,False,False,False
TypeScript,vulnerabilities,commits_last_12m,6180,0.0006782778162464497,1.0006785078986615,1.0000249424747165,1.001332500459716,0.04187212498250809,0.06650278673692461,1.0,True,False,False,0.10185111482231698,1.0,False,False,False
TypeScript,vulnerabilities,log_forks,6180,0.23922631943981962,1.2702659899417337,1.0287478419322769,1.5684851228187318,0.026190242607029145,0.04562171292837335,1.0,True,True,False,0.06932711278331244,1.0,False,False,False
TypeScript,vulnerabilities,log_stars,6180,-0.24127580054659745,0.7856249207233926,0.6264146660853848,0.9853002323823424,0.03678630538067294,0.062076890329885594,1.0,True,False,False,0.09550290819982399,1.0,False,False,False
TypeScript,vulnerabilities,owner_is_org,6180,0.4159512968734165,1.5158120422870185,0.8743689189137186,2.6278223045678435,0.13841432172080748,0.19165059930573344,1.0,False,False,False,0.25251261395012176,1.0,False,False,False
TypeScript,vulnerabilities,repo_age_days,6180,0.0004035495415453313,1.0004036309786157,1.00018469620383,1.0006226136769858,0.00030180173392354686,0.0010864862421247686,0.01629729363187153,True,True,True,0.0019401540037942298,0.08148646815935766,True,False,False
TypeScript,vulnerabilities,staleness_days,6180,-0.000936298245600704,0.999064139944832,0.9978994045010876,1.000230234852915,0.11567992528252209,0.16825620670417024,1.0,False,False,False,0.22151475054099973,1.0,False,False,False
