language,outcome,predictor,n,coef,std_error,p_raw,IRR,IRR_CI_low,IRR_CI_high,used_regularized,p_adj_bh_global,sig_bh_global,p_adj_bh_by_language,sig_bh_by_language,p_adj_bh_by_outcome,sig_bh_by_outcome
Java,bugs,staleness_days,262,-0.0013782656625469767,0.0007638182194212459,0.07116204653774984,0.998622683709359,0.9971288079154648,1.0001187975941295,False,0.15620937044871916,False,0.21348613961324953,False,0.14232409307549967,False
Java,bugs,commits_last_12m,262,-0.00024299228760343164,0.0018571286035738827,0.8958995021519043,0.9997570372326314,0.9961246312335548,1.0034026889370429,False,0.9584773173148896,False,0.9590566367244555,False,0.9598923237341831,False
Java,bugs,repo_age_days,262,-0.00024786422758965034,0.00021920647986047972,0.2581670513824915,0.9997521664882102,0.9993227284187102,1.0001817890997509,False,0.393814146176682,False,0.4482370712537617,False,0.3665817594813057,False
Java,bugs,log_stars,262,0.32855988099079375,0.17230700804087873,0.05654282403032819,1.3889664105227626,0.9908861362804229,1.9469721282027421,False,0.12937764820498823,False,0.19083203110235766,False,0.13048344006998813,False
Java,bugs,log_forks,262,-0.15901047361051385,0.16967526052162993,0.3486835171120669,0.8529874250642832,0.6116666262117789,1.1895165048058083,False,0.4903361959388441,False,0.5088894574068004,False,0.45480458753747854,False
Java,bugs,owner_is_org,262,1.0914122719201083,0.33256233371272165,0.0010313661275177847,2.9784775238278938,1.5520894807610606,5.715732546294897,False,0.005569377088596037,True,0.011138754177192074,True,0.0038676229781916924,True
Java,code_smells,staleness_days,262,-0.0030369136872908905,0.0006046655155641866,5.101148541533548e-07,0.9969676930704593,0.9957868639447023,0.9981499224531133,False,8.10182415420034e-06,True,1.377310106214058e-05,True,7.651722812300322e-06,True
Java,code_smells,commits_last_12m,262,0.002270290172365961,0.002039424580977133,0.2656219681503773,1.0022728692324683,0.9982745816930803,1.006287170705839,False,0.40065883464023394,False,0.4482370712537617,False,0.4119576670076064,False
Java,code_smells,repo_age_days,262,-0.00043909493483655404,0.0002248429774200273,0.05083192842537255,0.999561001453236,0.9991206078193837,1.0000015892043463,False,0.1183156954728499,False,0.18299494233134117,False,0.12707982106343135,False
Java,code_smells,log_stars,262,0.009222464738012477,0.24511104522387514,0.9699861490464171,1.0092651227022789,0.6242612326735916,1.6317144723863568,False,0.9808848698222196,False,0.9790175209329283,False,0.9987407896734861,False
Java,code_smells,log_forks,262,0.009609029620360345,0.24116829871250817,0.9682177618434029,1.0096553445738707,0.6293472234244828,1.6197797922737684,False,0.9808848698222196,False,0.9790175209329283,False,0.9987407896734861,False
Java,code_smells,owner_is_org,262,0.21340567479019698,0.3827982643168836,0.5771936345170776,1.2378867288356121,0.584577954968236,2.6213160116696432,False,0.7116085905005066,False,0.6775751361722215,False,0.7528612624135794,False
Java,vulnerabilities,staleness_days,262,0.0007464127302012138,0.0009046571348308249,0.40932728966609444,1.0007466913655045,0.9989738441859096,1.002522684760729,False,0.5525918410492275,False,0.5335164320409702,False,0.5186965311509432,False
Java,vulnerabilities,commits_last_12m,262,0.0021344893248308617,0.0020383027367830877,0.29501216418545506,1.0021367689688399,0.9981412190481862,1.0061483130382811,False,0.4282434641401767,False,0.4685487313533698,False,0.4425182462781826,False
Java,vulnerabilities,repo_age_days,262,-0.0001998784077261842,0.00024518908871848177,0.4149572249207546,0.9998001415666319,0.999319791255912,1.0002807227708286,False,0.5574052275054913,False,0.5335164320409702,False,0.5186965311509432,False
Java,vulnerabilities,log_stars,262,0.37581990640364155,0.23377687532116204,0.10792262320603349,1.4561848605864287,0.9209271454108405,2.302542995684136,False,0.21115295844658727,False,0.2533835501359047,False,0.21584524641206698,False
Java,vulnerabilities,log_forks,262,0.2144465397748228,0.16202844519466206,0.18566527453300308,1.239175872582495,0.90201567837714,1.7023615886070658,False,0.3133101507744427,False,0.38561249326085256,False,0.30944212422167183,False
Java,vulnerabilities,owner_is_org,262,-1.9532702899462246,0.4895922735711398,6.618882703573528e-05,0.14180955408804155,0.05432050422648849,0.3702091855922593,False,0.0005584682281140164,True,0.0008935491649824263,True,0.0006618882703573527,True
Java,security_hotspots,staleness_days,262,0.00023987773639572673,0.0007780950087008671,0.7578628224086217,1.0002399065093606,0.9987156650078358,1.0017664743107886,False,0.8561630211310789,False,0.8351957634707259,False,0.8951830831910633,False
Java,security_hotspots,commits_last_12m,262,0.0011575581565915509,0.0017041624807227643,0.49697731837812853,1.0011582283856193,0.9978198410768594,1.0045077848747908,False,0.6294691522812125,False,0.5963727820537542,False,0.6507555487351665,False
Java,security_hotspots,repo_age_days,262,-0.0005069265007151179,0.0002353399114425841,0.031238728574820664,0.999493201964815,0.9990322842878818,0.9999543322926386,False,0.08188792927380174,False,0.12976087254156277,False,0.08519653247678363,False
Java,security_hotspots,log_stars,262,0.16455954150981342,0.19375221293333572,0.3956977652704511,1.1788737593854952,0.806389971591779,1.7234134718024794,False,0.5395878617324333,False,0.5335164320409702,False,0.5652825218149301,False
Java,security_hotspots,log_forks,262,0.1441141010461852,0.14738758600431842,0.32817822029794785,1.1550158895279512,0.8652296990297846,1.5418584296840239,False,0.4663585235812943,False,0.4922673304469218,False,0.5469637004965798,False
Java,security_hotspots,owner_is_org,262,-0.35657058002421066,0.41956426546899855,0.39540333300870845,0.7000730585524372,0.307616491433958,1.593225008927013,False,0.5395878617324333,False,0.5335164320409702,False,0.5652825218149301,False
Java,vuln_blocker,staleness_days,262,0.0012894323642961745,0.001068209811190321,0.22739496823582683,1.001290264039632,0.999196102904978,1.0033888142134795,False,0.36545619895043596,False,0.4338268521933128,False,0.40128523806322386,False
Java,vuln_blocker,commits_last_12m,262,0.0026044898927209312,0.001603500923305596,0.10432199558600962,1.0026078845229751,0.9994618306989405,1.0057638413311558,False,0.20864399117201923,False,0.2533835501359047,False,0.19560374172376804,False
Java,vuln_blocker,repo_age_days,262,-0.0005179546657946494,0.0002055511553247648,0.0117410392043969,0.9994821794495671,0.9990795963043537,0.9998849248172793,False,0.04064205878445081,True,0.06340161170374327,False,0.035223117613190705,True
Java,vuln_blocker,log_stars,262,0.07392680788600184,0.22627683494131237,0.7438875598410916,1.0767279946139607,0.6910330417010855,1.6776957170260594,False,0.8448124129042857,False,0.8351957634707259,False,0.8926650718093099,False
Java,vuln_blocker,log_forks,262,0.1823235358691039,0.15796319702026532,0.248411919117002,1.2000023748925293,0.8804882981204568,1.63546262093617,False,0.3832641037805174,False,0.4471414544106036,False,0.40852264613236183,False
Java,vuln_blocker,owner_is_org,262,-0.4112478339189731,0.4149257788987344,0.3216192268280993,0.662822641310435,0.29390831417815005,1.4947989990083883,False,0.4612213291325191,False,0.4922673304469218,False,0.4594560383258562,False
Java,vuln_critical,staleness_days,262,-0.002789407717534337,0.0006327295788444744,1.0407431172727166e-05,0.9972144790653923,0.9959785727780303,0.9984519189844939,False,0.00011708360069318061,True,0.000187333761109089,True,0.00010407431172727166,True
Java,vuln_critical,commits_last_12m,262,0.003619563212620096,0.002199457798331201,0.09983345160070604,1.0036261217421618,0.9993089440316144,1.007961950364918,False,0.20266941302398972,False,0.2533835501359047,False,0.15944057356823738,False
Java,vuln_critical,repo_age_days,262,-0.0005443146961664367,0.0002022970953592767,0.007130872431275283,0.9994558334162034,0.9990596327054583,0.9998521912497047,False,0.027504793663490377,True,0.055009587326980754,False,0.02376957477091761,True
Java,vuln_critical,log_stars,262,0.2965515903673272,0.18361436107174142,0.10629371571215825,1.345211958186153,0.9386374802141174,1.9278957537836954,False,0.21102428854619654,False,0.2533835501359047,False,0.15944057356823738,False
Java,vuln_critical,log_forks,262,-0.19943184673471204,0.18704015118820896,0.28630995534337356,0.8191960497961432,0.5677785535865011,1.1819434949815621,False,0.42012873881908075,False,0.4685071996527931,False,0.31812217260374837,False
Java,vuln_critical,owner_is_org,262,0.6721388092859272,0.2904803400961283,0.020673897485891,1.9584215345869886,1.1082783824658915,3.4606963086299256,False,0.06134013539769858,False,0.10149004220346491,False,0.05140722237991795,False
Java,vuln_major,staleness_days,262,-0.0029879452407781835,0.0005334430370185959,2.1281746417047716e-08,0.9970165142249506,0.9959746491509637,0.9980594691688788,False,5.223701393275348e-07,True,1.1492143065205767e-06,True,2.1281746417047714e-07,True
Java,vuln_major,commits_last_12m,262,0.0015878122802284803,0.002095120459460654,0.44853357297978447,1.0015890735215969,0.9974846205184567,1.0057104155414784,False,0.5794452856676642,False,0.550473021384281,False,0.5175387380535974,False
Java,vuln_major,repo_age_days,262,-0.00037048264564210005,0.0001654294182747642,0.025122040659125978,0.9996295859745788,0.9993055229134744,0.9999537541255332,False,0.0692137854894287,False,0.1130491829660669,False,0.07536612197737794,False
Java,vuln_major,log_stars,262,0.4041800045000097,0.15946653274033246,0.011258358759873383,1.4980735826758167,1.0959607146538626,2.0477234531348607,False,0.039996800857444906,True,0.06340161170374327,False,0.042218845349525184,True
Java,vuln_major,log_forks,262,-0.33094010068304325,0.16052040194468997,0.03923916247294339,0.7182481903280906,0.5243717984288445,0.9838066510351822,False,0.10041606686036977,False,0.15135105525278164,False,0.08957909870535301,False
Java,vuln_major,owner_is_org,262,0.6504175361174562,0.2543370817142822,0.010548662804730073,1.9163408034919682,1.1640741104156467,3.1547493774403943,False,0.038488364287528644,True,0.06340161170374327,False,0.042218845349525184,True
Java,vuln_minor,staleness_days,262,-0.0024305587654488746,0.0008123189020360065,0.002770438386969846,0.9975723926508261,0.9959854055597053,0.9991619084215976,False,0.012678277364099294,True,0.024933945482728617,True,0.010389143951136923,True
Java,vuln_minor,commits_last_12m,262,0.007062421982340711,0.0037776686786915614,0.06155069382622969,1.0070874196979573,0.9996583857900067,1.0145716630110306,False,0.13848906110901682,False,0.1955139686244943,False,0.12310138765245938,False
Java,vuln_minor,repo_age_days,262,-0.000252346833463438,0.00032729006746972397,0.4406957187744027,0.9997476850033207,0.9991065757631036,1.0003892056321402,False,0.5748205027492209,False,0.550473021384281,False,0.5508696484680033,False
Java,vuln_minor,log_stars,262,-0.4717881104836603,0.29335060963110987,0.10777521811004107,0.6238856937512913,0.3510787435061381,1.108678226942341,False,0.21115295844658727,False,0.2533835501359047,False,0.202078533956327,False
Java,vuln_minor,log_forks,262,0.37492901916915866,0.31434926362976656,0.23298108728900135,1.4548881417839639,0.7856968750325616,2.6940408856989193,False,0.37039324461191064,False,0.4338268521933128,False,0.3460648334400886,False
Java,vuln_minor,owner_is_org,262,-0.42366395038069143,0.48713789548474584,0.38446423460028756,0.6546438377612107,0.25197215816783575,1.700817095963708,False,0.5296190986840695,False,0.5335164320409702,False,0.5014750886090706,False
Java,vuln_info,staleness_days,262,-0.00043943460342849125,0.0009503931870611012,0.6438150241503715,0.9995606619338158,0.9977004769420738,1.0014243151891131,False,0.7624125285991241,False,0.7397023681727672,False,0.8396928071558748,False
Java,vuln_info,commits_last_12m,262,9.287950916108199e-05,0.0007846643127693931,0.9057757124619857,1.0000928838225962,0.9985560092754997,1.0016321237686805,False,0.9628324502548667,False,0.9590566367244555,False,0.9370093577192956,False
Java,vuln_info,repo_age_days,262,-0.00039967204180142523,0.00029899199019508345,0.18131026281163454,0.9996004078164297,0.9990148000542038,1.0001863588533009,False,0.3098339934122869,False,0.38561249326085256,False,0.38852199173921687,False
Java,vuln_info,log_stars,262,-0.26949192387021,0.21322070994530512,0.2062621025453032,0.763767447782494,0.5028834547028297,1.1599918606129123,False,0.3395778517514138,False,0.4125242050906064,False,0.4125242050906064,False
Java,vuln_info,log_forks,262,0.30120034387973255,0.19050795390306619,0.11386931402295862,1.3514800751788387,0.930355614688303,1.9632260662148324,False,0.21960510561570593,False,0.2562059565516569,False,0.310552674608069,False
Java,vuln_info,owner_is_org,262,0.0109879812479795,0.41778332898427073,0.9790175209329283,1.0110485708296426,0.44581451598715777,2.292924918142659,False,0.9856940504236368,False,0.9790175209329283,False,0.9790175209329283,False
Python,bugs,staleness_days,3356,0.0006838321228451262,0.0014979004829580383,0.64801100742625,1.0006840659893366,0.9977505349708609,1.003626222013698,False,0.7640304454370633,False,0.9068682317283449,False,0.7200122304736111,False
Python,bugs,commits_last_12m,3356,-2.7891269139080584e-05,2.4131325306975717e-05,0.24775816911966797,0.9999721091198187,0.9999248150288916,1.000019405447645,False,0.3832641037805174,False,0.656037363643223,False,0.3665817594813057,False
Python,bugs,repo_age_days,3356,0.0007778486474835992,0.0004560756538284862,0.08809646469722976,1.0007781512501974,0.9998839635245068,1.001673138640367,False,0.18157286616986287,False,0.3964340911375339,False,0.1651808713073058,False
Python,bugs,log_stars,3356,1.1709664192527054,0.32116614084122924,0.00026637116790040484,3.2251079393473283,1.7185696571013998,6.0523128506669925,False,0.0017980053833277327,True,0.007192021533310931,True,0.0015982270074024292,True
Python,bugs,log_forks,3356,-0.8533004959270188,0.18841795726618635,5.932966902010946e-06,0.4260065761214855,0.2944656543740067,0.6163082186428698,False,7.174158068799808e-05,True,0.00032038021270859113,True,8.89945035301642e-05,True
Python,bugs,owner_is_org,3356,0.45766612333621465,0.581757921786233,0.431460356196279,1.5803812625427538,0.5053224942326422,4.942595992662008,False,0.5701853403308097,False,0.8478178339096069,False,0.5177524274355347,False
Python,code_smells,staleness_days,3356,-0.0002403482573734672,0.00047014372694814937,0.6091949586361715,0.999759680623955,0.9988388616137136,1.0006813485275288,False,0.7375903086626291,False,0.9068682317283449,False,0.7614936982952143,False
Python,code_smells,commits_last_12m,3356,0.00029759335034488935,0.0004877672388308727,0.5417866609983896,1.000297637635639,0.9993418038355886,1.0012543856556786,False,0.6710201764658953,False,0.9068682317283449,False,0.7387999922705313,False
Python,code_smells,repo_age_days,3356,0.00028309800396223654,0.00018972581201404248,0.135661714306178,1.000283138079984,0.99991124618433,1.000655168291496,False,0.25088125248402776,False,0.5473854746392177,False,0.271323428612356,False
Python,code_smells,log_stars,3356,-0.23133863964385704,0.16808940353803123,0.16873393994725916,0.7934707198917668,0.5707592329895664,1.1030847105666841,False,0.2976724498702429,False,0.5473854746392177,False,0.3163761374011109,False
Python,code_smells,log_forks,3356,0.009885996608155007,0.16737032704301902,0.9528990593781385,1.009935024502634,0.7274908797240544,1.4020364820298803,False,0.9765385057692708,False,0.9548376500855092,False,0.9987407896734861,False
Python,code_smells,owner_is_org,3356,-0.3878895316396557,0.29819844409223883,0.19333496434822783,0.6784872905028748,0.3781940927328749,1.2172189154183384,False,0.3224094263339985,False,0.5497929164853447,False,0.3411793488498138,False
Python,vulnerabilities,staleness_days,3356,-0.0002550501249151575,0.0005879932157043626,0.6644600291859875,0.9997449823976029,0.998593494406599,1.0008977981807474,False,0.7766415925550503,False,0.9068682317283449,False,0.6873724439855042,False
Python,vulnerabilities,commits_last_12m,3356,0.00036131617698376676,0.0004953798177930561,0.46577413008897917,1.000361381459536,0.9993905753501242,1.001333130608161,False,0.5988524529715447,False,0.8673035525794783,False,0.558928956106775,False
Python,vulnerabilities,repo_age_days,3356,0.000256039057215314,0.0002690561148837141,0.3412899663344441,1.0002560718380125,0.9997287355610759,1.0007836862739525,False,0.48245178487068013,False,0.7536092294538181,False,0.48128893111667137,False
Python,vulnerabilities,log_stars,3356,-0.3786877911017623,0.1893167447772583,0.045469300420628724,0.6847593672641097,0.4724885370588419,0.9923952737027975,False,0.10769044836464697,False,0.24553422227139513,False,0.10492915481683551,False
Python,vulnerabilities,log_forks,3356,0.3862602760694923,0.15323600455165576,0.011712539567964494,1.471467608783386,1.0897226627404273,1.9869430982132854,False,0.04064205878445081,True,0.16235905639258638,False,0.05019659814841926,False
Python,vulnerabilities,owner_is_org,3356,-0.9568101386275033,0.42375048940399873,0.023948376471076543,0.38411621128366197,0.16740389789348012,0.881372928752224,False,0.06764960683024432,False,0.16235905639258638,False,0.08728630852740281,False
Python,security_hotspots,staleness_days,3356,-0.0003900226108786342,0.00042261295305422717,0.3560678096104761,0.9996100534380526,0.9987824130829334,1.000438379616779,False,0.49555829172592036,False,0.7536092294538181,False,0.5622123309639097,False
Python,security_hotspots,commits_last_12m,3356,0.00012054263557087787,0.0004899657959563564,0.805664774871957,1.0001205499011263,0.9991605798322323,1.0010814422867647,False,0.8988821868406132,False,0.9548376500855092,False,0.8951830831910633,False
Python,security_hotspots,repo_age_days,3356,1.9260733610929317e-05,0.00017382168477673006,0.911769055894226,1.0000192609191,0.9996786281427182,1.0003600097634713,False,0.9654025297703569,False,0.9548376500855092,False,0.9301416190679036,False
Python,security_hotspots,log_stars,3356,0.03173751911006706,0.1858588183113142,0.8644113515352309,1.0322465247566182,0.7171006504848069,1.485890282140653,False,0.9376676002331151,False,0.9548376500855092,False,0.926155019502033,False
Python,security_hotspots,log_forks,3356,0.01620452033490222,0.18484245143288952,0.9301416190679036,1.0163365256381902,0.7074558690667005,1.4600768450885802,False,0.9765385057692708,False,0.9548376500855092,False,0.9301416190679036,False
Python,security_hotspots,owner_is_org,3356,-0.3957708407948166,0.28999067228556497,0.17232505683086485,0.6731609392893775,0.38131018000380446,1.1883911679998573,False,0.3001791312537646,False,0.5473854746392177,False,0.36926797892328184,False
Python,vuln_blocker,staleness_days,3356,-9.403808291745259e-05,0.00035084080608258853,0.7886713523948872,0.9999059663385245,0.9992186319999404,1.0005937734750308,False,0.8835737143013259,False,0.9548376500855092,False,0.9100054066094851,False
Python,vuln_blocker,commits_last_12m,3356,7.959530036107922e-05,0.0006217141352486355,0.898128745483952,1.000079598468151,0.9988617063348821,1.001298975552979,False,0.9584773173148896,False,0.9548376500855092,False,0.9548376500855092,False
Python,vuln_blocker,repo_age_days,3356,0.000256915184151315,0.00011386678616724007,0.024053193539642425,1.0002569481896837,1.0000337409534414,1.0004802052457153,False,0.06764960683024432,False,0.16235905639258638,False,0.05083146453176615,False
Python,vuln_blocker,log_stars,3356,0.005544073117152701,0.08452900719502839,0.947705988268899,1.0055594699310535,0.8520332418704804,1.1867492931945123,False,0.9765385057692708,False,0.9548376500855092,False,0.9548376500855092,False
Python,vuln_blocker,log_forks,3356,0.004253684509637416,0.07510981714468971,0.9548376500855092,1.0042627442668193,0.8667897348436066,1.1635389979604371,False,0.9765385057692708,False,0.9548376500855092,False,0.9548376500855092,False
Python,vuln_blocker,owner_is_org,3356,-0.38562871677730615,0.16523756122932043,0.019607053983171287,0.6800229599311892,0.4918957940274432,0.9400999798094967,False,0.05948207388153087,False,0.16235905639258638,False,0.0452470476534722,True
Python,vuln_critical,staleness_days,3356,-2.3338002059879637e-05,0.0003486351403170701,0.9466286338217158,0.9999766622702692,0.9992935992977104,1.0006601921476743,False,0.9765385057692708,False,0.9548376500855092,False,0.9466286338217158,False
Python,vuln_critical,commits_last_12m,3356,0.00030187702893663687,0.00048779967846840924,0.5360122112906892,1.0003019225983922,0.9993460211649055,1.0012587383773923,False,0.6669276361681387,False,0.9068682317283449,False,0.5742987978114528,False
Python,vuln_critical,repo_age_days,3356,0.00025990230261363457,0.00011371191737487433,0.022276463031297777,1.0002599360801434,1.0000370317256033,1.0004828901191947,False,0.06444779880198857,False,0.16235905639258638,False,0.05140722237991795,False
Python,vuln_critical,log_stars,3356,-0.10719048722758218,0.0942066277108573,0.2551943126118156,0.8983545316265856,0.7468939404049241,1.0805294042906408,False,0.39149127502948977,False,0.656037363643223,False,0.29445497609055643,False
Python,vuln_critical,log_forks,3356,0.12494143743224953,0.0878243283738689,0.15484372936068996,1.1330820949268428,0.9539051049850487,1.3459148369521787,False,0.27871871284924193,False,0.5473854746392177,False,0.21115054003730452,False
Python,vuln_critical,owner_is_org,3356,-0.3788305112562228,0.20109402033242843,0.05958557688516761,0.68466164527506,0.4616410912332088,1.0154242709601997,False,0.13519416604197693,False,0.29251101379991373,False,0.10515101803264872,False
Python,vuln_major,staleness_days,3356,6.840803644677875e-05,0.0002998133061400397,0.8195150308494722,1.0000684103763298,0.9994809195232364,1.000656246554177,False,0.9064082742103937,False,0.9548376500855092,False,0.8780518187672917,False
Python,vuln_major,commits_last_12m,3356,0.00020882382709616086,0.0004399488575623348,0.6350330558858117,1.0002088456323093,0.9993467533697802,1.00107168158372,False,0.7586678101290671,False,0.9068682317283449,False,0.7055922843175686,False
Python,vuln_major,repo_age_days,3356,0.00021830072379018563,0.00010598417188954248,0.03942260402666369,1.000218324553127,1.000010575619877,1.0004261166455404,False,0.10041606686036977,False,0.23653562415998217,False,0.08957909870535301,False
Python,vuln_major,log_stars,3356,0.08335387182007925,0.07909722315204923,0.29196744165066646,1.0869263731148897,0.9308344502146948,1.269193399857729,False,0.42611464457124293,False,0.6854887760493908,False,0.3808270978052171,False
Python,vuln_major,log_forks,3356,-0.06670251093739622,0.073303491617934,0.36284888825554207,0.9354734530669448,0.8102805652409517,1.0800093435941702,False,0.5024061529692121,False,0.7536092294538181,False,0.4535611103194276,False
Python,vuln_major,owner_is_org,3356,-0.21057345272316613,0.16192311898869308,0.19344565580039907,0.8101195474810216,0.5898205539418369,1.112700594824597,False,0.3224094263339985,False,0.5497929164853447,False,0.26378953063690785,False
Python,vuln_minor,staleness_days,3356,-2.3229887031523907e-05,0.0003220937572652373,0.9425052110222116,0.9999767703827802,0.9993456921019158,1.0006082471841964,False,0.9765385057692708,False,0.9548376500855092,False,0.9425052110222116,False
Python,vuln_minor,commits_last_12m,3356,0.00021067101948651923,0.00047508676950695837,0.6574497275594229,1.0002106932121841,0.9992797775465113,1.0011424761064311,False,0.7717888106132356,False,0.9068682317283449,False,0.7585958394916418,False
Python,vuln_minor,repo_age_days,3356,0.00028417370010421996,0.00011323036433862565,0.012083541594097228,1.000284214081275,1.000062248201383,1.0005062292269524,False,0.04099130650727497,True,0.16235905639258638,False,0.03312428808668684,True
Python,vuln_minor,log_stars,3356,0.028626026224050083,0.08790331588723956,0.7446864973008148,1.0290396886493078,0.8661810678164431,1.2225188475717943,False,0.8448124129042857,False,0.9548376500855092,False,0.7978783899651587,False
Python,vuln_minor,log_forks,3356,-0.04427973445756328,0.08039701450429808,0.5817958649246727,0.9566863019148265,0.817213425634229,1.1199628537198267,False,0.7140221978620984,False,0.9068682317283449,False,0.6981550379096072,False
Python,vuln_minor,owner_is_org,3356,-0.24899008169647133,0.1813607292650207,0.16978354548154595,0.7795877055338462,0.5463745336870725,1.1123450182024959,False,0.2976724498702429,False,0.5473854746392177,False,0.2962273113750754,False
Python,vuln_info,staleness_days,3356,8.22188574479844e-05,0.0003975473738979251,0.8361541499221724,1.000082222237511,0.9993032831424404,1.00086176850172,False,0.9140146578096621,False,0.9548376500855092,False,0.9290601665801915,False
Python,vuln_info,commits_last_12m,3356,-7.734665044004425e-06,1.0007935209578848e-05,0.4396092472123887,0.9999922653648684,0.9999726505163895,1.0000118805981002,False,0.5748205027492209,False,0.8478178339096069,False,0.6941198640195612,False
Python,vuln_info,repo_age_days,3356,0.0001590038502509638,0.00014332922362751872,0.267274481484276,1.000159016492033,0.9998780911654949,1.0004400207472326,False,0.400911722226414,False,0.656037363643223,False,0.47166084967813415,False
Python,vuln_info,log_stars,3356,-0.051509944677385344,0.10478928909464098,0.6230323041615757,0.9497942045182872,0.7734508314831937,1.166343087648653,False,0.7476387649938908,False,0.9068682317283449,False,0.8396928071558748,False
Python,vuln_info,log_forks,3356,0.06388739713321265,0.09776862990277321,0.5134630103761032,1.0659723604595999,0.8800860463964698,1.2911204284131106,False,0.6448140130304552,False,0.9068682317283449,False,0.7701945155641549,False
Python,vuln_info,owner_is_org,3356,0.08745100579843818,0.20637812781178203,0.6717542457246999,1.0913887914105995,0.7282996619587659,1.6354936796388722,False,0.7817829583865041,False,0.9068682317283449,False,0.8396928071558748,False
C#,bugs,staleness_days,215,-0.0006995977691849043,0.00086750813013564,0.4199861924596433,0.9993006468922763,0.9976029949550858,1.001001187776387,False,0.5591569410276497,False,0.527948181528432,False,0.5177524274355347,False
C#,bugs,commits_last_12m,215,0.021905996001972804,0.01593484090398906,0.16921726564609307,1.0221476939842553,0.9907176313811955,1.0545748609124446,False,0.2976724498702429,False,0.30459107816296754,False,0.26718515628330486,False
C#,bugs,repo_age_days,215,0.0009322377235865991,0.0003169702290573833,0.0032706031624549865,1.0009326723922343,1.0003110358520855,1.0015546952442143,False,0.01471771423104744,True,0.03331929713570721,True,0.010902010541516622,True
C#,bugs,log_stars,215,0.5313222929416888,0.31781185593538186,0.09456101593165998,1.7011802807299314,0.9124905967122243,3.171555255442336,False,0.1934202598602136,False,0.22201282001346256,False,0.16687238105587057,False
C#,bugs,log_forks,215,-0.39458336842797326,0.35684076616301486,0.26882662361962417,0.6739607741001032,0.33488154110834145,1.3563695494301948,False,0.4010120904823123,False,0.3974814935341899,False,0.3665817594813057,False
C#,bugs,owner_is_org,215,-1.4465408427145008,0.5001638616084296,0.0038263487478691965,0.23538310864137668,0.08831511591697833,0.6273581510753207,False,0.0166631316439465,True,0.03331929713570721,True,0.011374836255100735,True
C#,code_smells,staleness_days,215,-9.708038639153328e-07,0.0006151387712875905,0.9987407896734861,0.9999990291966073,0.9987941070328991,1.0012054049506105,False,0.9987407896734861,False,0.9987407896734861,False,0.9987407896734861,False
C#,code_smells,commits_last_12m,215,0.009286514353020161,0.005347327121460905,0.08244636865894096,1.009329767815054,0.9988066583804854,1.0199637453853547,False,0.17536059431514536,False,0.21349138483674468,False,0.19026085075140223,False
C#,code_smells,repo_age_days,215,0.000543732686937835,0.00026545774898092766,0.04053224362874625,1.000543880536351,1.0000234453343557,1.0010645865847956,False,0.10133060907186563,False,0.13261995458213002,False,0.11054248262385342,False
C#,code_smells,log_stars,215,0.560332628995668,0.19634207830150455,0.0043191681472213046,1.7512549215913535,1.1918529856790165,2.573214848852086,False,0.017941159996150036,True,0.03331929713570721,True,0.02159584073610652,True
C#,code_smells,log_forks,215,-0.17804842098157997,0.2115302789194324,0.39994693820039573,0.836901898896225,0.5528657081790128,1.2668624188739204,False,0.542641574442748,False,0.5267593820200334,False,0.5713527688577082,False
C#,code_smells,owner_is_org,215,-0.514287504579613,0.3390308006888353,0.12928323217519108,0.597926462752113,0.3076551815514267,1.1620673932952847,False,0.24073429439518337,False,0.25856646435038216,False,0.271323428612356,False
C#,vulnerabilities,staleness_days,215,-0.0012456793628202092,0.0009887055620888027,0.20770207242739924,0.9987550961736605,0.9968215553284402,1.0006923875198408,False,0.3398761185175624,False,0.3398761185175624,False,0.3279506406748409,False
C#,vulnerabilities,commits_last_12m,215,-0.0015235581944877904,0.0030994173711569794,0.6230284664684994,0.9984776018311012,0.9924304895264574,1.0045615606127638,False,0.7476387649938908,False,0.7009070247770619,False,0.667530499787678,False
C#,vulnerabilities,repo_age_days,215,0.0006460005210585351,0.00031531221783063324,0.04048513540543565,1.0006462092243336,1.0000280003222268,1.001264800297986,False,0.10133060907186563,False,0.13261995458213002,False,0.10468540291717028,False
C#,vulnerabilities,log_stars,215,-0.1482358717358752,0.27154013242453,0.5851293279861174,0.8622277158068878,0.5063917237227663,1.4681058142896737,False,0.7148638848699171,False,0.6830542234448181,False,0.6501436977623526,False
C#,vulnerabilities,log_forks,215,0.21215424973055544,0.22839503282800389,0.3529452161522256,1.2363385752632803,0.7901821512783022,1.934405972358756,False,0.4937575562751343,False,0.4764760418055046,False,0.48128893111667137,False
C#,vulnerabilities,owner_is_org,215,-1.3789075031421316,0.7999579436676616,0.08475750038423138,0.25185355202888415,0.05250765755252608,1.208018308684088,False,0.17739941940885637,False,0.21349138483674468,False,0.18162321510906723,False
C#,security_hotspots,staleness_days,215,0.0006478047822152238,0.0003721919479126727,0.08176904613887022,1.0006480146530492,0.9999183253045302,1.0013782364916044,False,0.17536059431514536,False,0.21349138483674468,False,0.18869779878200818,False
C#,security_hotspots,commits_last_12m,215,0.0063314064862668665,0.0015869365175566897,6.615588601354102e-05,1.0063514922082288,1.0032262612802494,1.0094864587947834,False,0.0005584682281140164,True,0.0011908059482437386,True,0.00028352522577231867,True
C#,security_hotspots,repo_age_days,215,0.0001912790273949374,0.00014844601174660027,0.19755710880152155,1.0001912973223945,0.9999003351575935,1.0004823441546153,False,0.32724183666509704,False,0.33337762110256763,False,0.3951142176030431,False
C#,security_hotspots,log_stars,215,0.4918778516821366,0.12209410839740077,5.609137659236174e-05,1.6353843475574887,1.2873396427760642,2.0775262994843273,False,0.0005222300579288852,True,0.0011908059482437386,True,0.00028352522577231867,True
C#,security_hotspots,log_forks,215,-0.11614314012868354,0.1167983067449385,0.3200327351618777,0.8903477696815014,0.7081753016018059,1.1193826573502212,False,0.4612213291325191,False,0.4470299036207493,False,0.5469637004965798,False
C#,security_hotspots,owner_is_org,215,-0.5034921857777904,0.20672255693334204,0.014867367827175404,0.6044162360978752,0.4030635842606914,0.9063557233253879,False,0.04778796801592094,True,0.06690315522228932,False,0.04955789275725135,True
C#,vuln_blocker,staleness_days,215,0.0005662732640838875,0.0005158864207261723,0.2723484307549079,1.000566433627057,0.9995552533884549,1.0015786368060833,False,0.4040333862847535,False,0.3974814935341899,False,0.40852264613236183,False
C#,vuln_blocker,commits_last_12m,215,0.004547887664112493,0.0020348266490135295,0.025415732265883076,1.004558245000597,1.0005598573789367,1.0085726107803408,False,0.06931559794823164,False,0.09803211016840616,False,0.05083146453176615,False
C#,vuln_blocker,repo_age_days,215,0.00012110260005815084,0.00022750318850501278,0.5945101574427121,1.000121109933274,0.9996752572845542,1.000567161431153,False,0.7230528941870823,False,0.6830542234448181,False,0.74313769680339,False
C#,vuln_blocker,log_stars,215,0.48882322960887936,0.20603648696467225,0.01766777681177722,1.6303964883219972,1.088716125673792,2.441584768010651,False,0.05545611504221889,False,0.07338922675661308,False,0.0452470476534722,True
C#,vuln_blocker,log_forks,215,-0.16729544094383955,0.2076342066021684,0.42040318158745515,0.8459496462521167,0.5631264882157063,1.2708171591458828,False,0.5591569410276497,False,0.527948181528432,False,0.5732770658010753,False
C#,vuln_blocker,owner_is_org,215,-0.2281052077130427,0.3315320096237236,0.4914315360240231,0.7960405058286396,0.41565653103810446,1.5245291234503064,False,0.6288460413577547,False,0.5897178432288277,False,0.6409976556835084,False
C#,vuln_critical,staleness_days,215,0.00010920838308356169,0.0006499333261860431,0.8665595735800806,1.0001092143465362,0.9988360403984878,1.0013840111554309,False,0.9376676002331151,False,0.8998887879485453,False,0.8964409381862903,False
C#,vuln_critical,commits_last_12m,215,0.006699113619578804,0.004086627214253866,0.10115560321070202,1.0067216028725285,0.9986903298289126,1.0148174618491153,False,0.20382099154395183,False,0.22760010722407956,False,0.15944057356823738,False
C#,vuln_critical,repo_age_days,215,0.0003797615620519976,0.0002499289413068408,0.1286421871820236,1.000379833680603,0.9998899158980958,1.000869991508969,False,0.24073429439518337,False,0.25856646435038216,False,0.1837745531171766,False
C#,vuln_critical,log_stars,215,0.7696664351116864,0.23721206658543448,0.0011760149928643079,2.1590459517361027,1.3562714148130954,3.436981249324967,False,0.006106231693718522,True,0.015876202403668157,True,0.005040064255132748,True
C#,vuln_critical,log_forks,215,-0.36324781697249453,0.27066383899386387,0.17957569734769674,0.6954140767323852,0.40912309873630065,1.1820421276904227,False,0.3088244476680135,False,0.3128092792508266,False,0.228679784274681,False
C#,vuln_critical,owner_is_org,215,-0.5534618591732297,0.46600370024680376,0.2349607034287433,0.5749559446194502,0.2306595815519959,1.433169764849874,False,0.37099058436117366,False,0.3731728819162394,False,0.28195284411449195,False
C#,vuln_major,staleness_days,215,-1.5504831486857807e-05,0.0006888817605499406,0.9820433317183641,0.9999844952887125,0.9986352438560763,1.001335569688683,False,0.9856940504236368,False,0.9987407896734861,False,0.9820433317183641,False
C#,vuln_major,commits_last_12m,215,0.00879057434842776,0.005136004313285773,0.08697797160015523,1.0088293249104539,0.9987250043684204,1.0190358730858895,False,0.18064655640032243,False,0.21349138483674468,False,0.14496328600025873,False
C#,vuln_major,repo_age_days,215,0.00035619804256745483,0.00024468601810111927,0.14546584302263188,1.0003562614886232,0.9998766298702891,1.0008361231818308,False,0.26359582292691686,False,0.28054126868650436,False,0.20780834717518842,False
C#,vuln_major,log_stars,215,0.5641655318696385,0.21270645546736647,0.007994079907386223,1.7579801920340887,1.158665069027943,2.667288794834359,False,0.029977799652698336,True,0.05396003937485701,False,0.039970399536931114,True
C#,vuln_major,log_forks,215,-0.3604968580518361,0.2327286562759407,0.12138154501587485,0.6973297660735394,0.44191547751909466,1.100366082179518,False,0.22918193814186158,False,0.25856646435038216,False,0.18207231752381228,False
C#,vuln_major,owner_is_org,215,-0.6941899428630788,0.34095835125997903,0.041750726442522416,0.4994788905922755,0.2560311834521752,0.9744092839921246,False,0.10185606770319272,False,0.13261995458213002,False,0.08957909870535301,False
C#,vuln_minor,staleness_days,215,0.0001143502901185921,0.00048388101097988,0.8131851229314185,1.0001143568283621,0.9991663086496998,1.001063304552317,False,0.9035390254793539,False,0.8712528299319966,False,0.8412259892393985,False
C#,vuln_minor,commits_last_12m,215,0.010731613725177554,0.004393454574466323,0.01458040343884258,1.0107894040345007,1.0021228510560087,1.0195309070457654,False,0.04743022805406623,True,0.06690315522228932,False,0.03364708485886749,True
C#,vuln_minor,repo_age_days,215,0.00024399252885341086,0.00020864889488089343,0.242245383408062,1.0002440222974516,0.9998350618132714,1.0006531500578995,False,0.3802323058933376,False,0.3737500201152957,False,0.3460648334400886,False
C#,vuln_minor,log_stars,215,0.5587679764750314,0.13315275916698516,2.7113954891990955e-05,1.7485169587028515,1.3468834446035862,2.2699154608521415,False,0.00026145599360134135,True,0.0011908059482437386,True,0.00020335466168993217,True
C#,vuln_minor,log_forks,215,-0.15930666186190864,0.16114238265931644,0.32285493039276336,0.8527348176219166,0.6217980432608722,1.1694418743604966,False,0.4612213291325191,False,0.4470299036207493,False,0.44025672326285914,False
C#,vuln_minor,owner_is_org,215,-0.7919346266566235,0.31577771671437366,0.012145572298451842,0.45296762381667105,0.2439364402168617,0.8411193835726823,False,0.04099130650727497,True,0.06558609041163994,False,0.03312428808668684,True
C#,vuln_info,staleness_days,215,-0.0006688959621686438,0.00048363805027772707,0.16664930911589726,0.999331327698864,0.9983844972094782,1.0002790561268478,False,0.2976724498702429,False,0.30459107816296754,False,0.38457532872899364,False
C#,vuln_info,commits_last_12m,215,0.006905580812794055,0.0026589418465864105,0.009401012860262287,1.0069294793153172,1.0016955864403057,1.012190719455304,False,0.03477086948316188,True,0.056406077161573726,False,0.0402900551154098,True
C#,vuln_info,repo_age_days,215,-0.00013593147204530586,0.00017333615357793876,0.4329184991400592,0.9998640777662187,0.9995244490199517,1.0002038219150506,False,0.5701853403308097,False,0.5313090671264363,False,0.6941198640195612,False
C#,vuln_info,log_stars,215,0.27759524485852105,0.15058553219017795,0.06526493838422441,1.3199518317823953,0.9826060768304374,1.7731142512833802,False,0.145632507138352,False,0.19579481515267325,False,0.2175497946140814,False
C#,vuln_info,log_forks,215,0.05519496437119116,0.15792613006687536,0.7267150073689905,1.056746622533516,0.7754323278501896,1.4401171889905242,False,0.8314112372441841,False,0.800869599957663,False,0.8720580088427886,False
C#,vuln_info,owner_is_org,215,-0.06613886676544409,0.29541973069891664,0.8228498949357745,0.9360008758522083,0.5245833768915076,1.6700827326773877,False,0.9064082742103937,False,0.8712528299319966,False,0.9290601665801915,False
TypeScript,bugs,staleness_days,6180,-2.6631454234578434e-05,0.0005975233769157499,0.9644502724260229,0.9999733689003795,0.9988029612702102,1.001145148026303,False,0.9808848698222196,False,0.9644502724260229,False,0.9644502724260229,False
TypeScript,bugs,commits_last_12m,6180,0.0023878746995989577,0.0006843938592024417,0.0004847661578948364,1.002390727943,1.0010470351433023,1.0037362243645824,False,0.002974701423445587,True,0.001636085782895073,True,0.0020775692481207276,True
TypeScript,bugs,repo_age_days,6180,0.0003045929086285507,0.00019498974951953266,0.11826513243252425,1.0003046393017587,0.9999224230314644,1.0006870016726643,False,0.22487032223085598,False,0.1680609776672713,False,0.19710855405420707,False
TypeScript,bugs,log_stars,6180,0.005342928325015864,0.07877714537334093,0.9459262718882582,1.0053572272212088,0.8615196282971926,1.1732096647915817,False,0.9765385057692708,False,0.9637739373955838,False,0.9644502724260229,False
TypeScript,bugs,log_forks,6180,0.36562455308419306,0.09774992002494384,0.0001837220079829111,1.4414139666224963,1.1901010629232651,1.7457964604039369,False,0.0013406741123077298,True,0.0008267490359231001,True,0.0015982270074024292,True
TypeScript,bugs,owner_is_org,6180,1.02529879478836,0.27697555845892546,0.00021410376166238778,2.78792835459013,1.620017052803814,4.797816477842283,False,0.0015212635697064393,True,0.0008893540869053031,True,0.0015982270074024292,True
TypeScript,code_smells,staleness_days,6180,-0.0002931112758076613,0.0002458720568675315,0.2332105614223141,0.9997069316771056,0.9992252885918884,1.000188806922241,False,0.37039324461191064,False,0.29984215040011813,False,0.3886842690371902,False
TypeScript,code_smells,commits_last_12m,6180,0.0034540994216071493,0.00047933498238301124,5.760922321465852e-13,1.0034600716973126,1.0025177844285684,1.0044032446414142,False,2.5924150446596335e-11,True,6.221796107183121e-12,True,1.7282766964397557e-11,True
TypeScript,code_smells,repo_age_days,6180,-1.4656379623013946e-05,9.16040500918897e-05,0.8728833822159453,0.9999853437277811,0.9998058218363793,1.0001648978535518,False,0.9389582199135668,False,0.9064558199934817,False,0.9987407896734861,False
TypeScript,code_smells,log_stars,6180,-0.0279701758796019,0.07605710999735485,0.7130579515873365,0.9724173678614355,0.8377467999034001,1.1287366748850587,False,0.8192580720365144,False,0.8021901955357537,False,0.8556695419048038,False
TypeScript,code_smells,log_forks,6180,0.18873096205196602,0.08398272451719227,0.02462345780531053,1.2077159873398426,1.0244212783729647,1.4238067256791411,False,0.0685395217261221,False,0.045614135423997594,True,0.0738703734159316,False
TypeScript,code_smells,owner_is_org,6180,0.48404717065380365,0.15205525087918623,0.0014557461754688998,1.6226281842793913,1.2044515947646743,2.185992559487004,False,0.007278730877344499,True,0.0037433473083485994,True,0.010918096316016748,True
TypeScript,vulnerabilities,staleness_days,6180,-0.0009362673721585003,0.0005951793539220693,0.11569927066760505,0.9990641707893815,0.9978994118595504,1.000230289238367,False,0.2215517948954139,False,0.1680609776672713,False,0.21693613250175947,False
TypeScript,vulnerabilities,commits_last_12m,6180,0.0006782719402333871,0.0003333410677131352,0.04187416116686812,1.0006785020186615,1.0000249357638384,1.001332495411683,False,0.10185606770319272,False,0.06650602067679054,False,0.10468540291717028,False
TypeScript,vulnerabilities,repo_age_days,6180,0.0004035148929709408,0.00011167517677066823,0.00030233525667069537,1.000403596316057,1.0001846526147289,1.0006225879448791,False,0.0019435837928830416,True,0.0010884069240145032,True,0.0018140115400241722,True
TypeScript,vulnerabilities,log_stars,6180,-0.2412758445763296,0.11554609879132179,0.03678566521296701,0.7856248861325386,0.6264150948835085,0.9852994711526599,False,0.09550124622597204,False,0.06207581004688183,False,0.10468540291717028,False
TypeScript,vulnerabilities,log_forks,6180,0.2392339213774841,0.10759612050285508,0.02618589255822084,1.2702756464613105,1.0287550689790643,1.568497951212076,False,0.06931559794823164,False,0.045614135423997594,True,0.08728630852740281,False
TypeScript,vulnerabilities,owner_is_org,6180,0.4159539968890072,0.28071947108096434,0.1384087993109124,1.5158161350086905,0.8743748927785264,2.6278185411422568,False,0.25250253928342126,False,0.19164295289203256,False,0.24425082231337483,False
TypeScript,security_hotspots,staleness_days,6180,-0.0005010733158117754,0.0001633623424004848,0.0021603733269444604,0.999499052200457,0.999179079516396,0.9998191273511535,False,0.01041608568348222,True,0.005302734529772766,True,0.008101399976041727,True
TypeScript,security_hotspots,commits_last_12m,6180,0.0031451991208395736,0.00040071869726623655,4.197176446229044e-15,1.0031501504492049,1.0023625914373226,1.0039383282483427,False,3.4710732826957636e-13,True,9.256195420522037e-14,True,1.2591529338687131e-13,True
TypeScript,security_hotspots,repo_age_days,6180,-3.903533766331274e-05,5.772735726076679e-05,0.49891258736362765,0.9999609654242055,0.9998478326998012,1.0000741109495712,False,0.6294691522812125,False,0.5856799938616498,False,0.6507555487351665,False
TypeScript,security_hotspots,log_stars,6180,-0.09471696798672302,0.042534476545991476,0.02595876398966947,0.9096303525477538,0.8368729516827976,0.9887132528448274,False,0.06931559794823164,False,0.045614135423997594,True,0.07787629196900842,False
TypeScript,security_hotspots,log_forks,6180,0.19215697364186785,0.04784368534945097,5.9106517887704604e-05,1.211860732227693,1.1033875885996811,1.330997783090221,False,0.0005319586609893415,True,0.0002901592696305499,True,0.00028352522577231867,True
TypeScript,security_hotspots,owner_is_org,6180,-0.021635833347005844,0.0784490281554962,0.7827056845699056,0.9785965423971219,0.8391270924189261,1.1412468998361263,False,0.8805438951411438,False,0.8625736115668348,False,0.8951830831910633,False
TypeScript,vuln_blocker,staleness_days,6180,-0.0003907438517784967,0.00034971080419375205,0.2638514453664791,0.9996093324786581,0.9989244144242735,1.0002947201508983,False,0.40022410252218743,False,0.3238176829497698,False,0.40852264613236183,False
TypeScript,vuln_blocker,commits_last_12m,6180,0.0009917389725402953,0.0004226806845037926,0.01896044403523406,1.0009922309082455,1.0001633133881318,1.0018218354204196,False,0.05817408965355904,False,0.03937938376548612,True,0.0452470476534722,True
TypeScript,vuln_blocker,repo_age_days,6180,0.0005416308138525732,0.00010659681404124693,3.752232107018932e-07,1.000541777522308,1.000332760249878,1.0007508384684252,False,6.754017792634078e-06,True,2.532756672237779e-06,True,3.046413763767276e-06,True
TypeScript,vuln_blocker,log_stars,6180,-0.2626820797482543,0.09162604758372273,0.004145230590682054,0.7689863347824333,0.6425787940629938,0.9202606568186094,False,0.017595449832108947,True,0.009326768829034623,True,0.013817435302273515,True
TypeScript,vuln_blocker,log_forks,6180,0.3183361828386479,0.09277279164755811,0.0006005788659387345,1.3748383806143822,1.146260439950016,1.6489974764310986,False,0.0036034731956324072,True,0.0019077211035700978,True,0.0030028943296936724,True
TypeScript,vuln_blocker,owner_is_org,6180,0.03632496310804059,0.16508215040789448,0.8258386498361365,1.0369927761386557,0.750339051316551,1.433157471781498,False,0.9064082742103937,False,0.8919057418230274,False,0.9175984998179294,False
TypeScript,vuln_critical,staleness_days,6180,-0.000569511705777008,0.0002556649707992072,0.025909180403119427,0.9994306504352326,0.9989299670533149,0.9999315847695266,False,0.06931559794823164,False,0.045614135423997594,True,0.05551967229239877,False
TypeScript,vuln_critical,commits_last_12m,6180,0.0035013487042141766,0.0004434530921050162,2.888149891040789e-15,1.0035074855859525,1.0026356638858773,1.0043800653610733,False,3.4710732826957636e-13,True,9.256195420522037e-14,True,8.664449673122367e-14,True
TypeScript,vuln_critical,repo_age_days,6180,0.00015331900636646322,7.930712895880366e-05,0.05320773796765584,1.000153330760326,0.9999978798921374,1.0003088057935383,False,0.12278708761766732,False,0.08209193857866902,False,0.0997645086893547,False
TypeScript,vuln_critical,log_stars,6180,-0.07791797358479494,0.05850815543826684,0.1829438274197448,0.9250403011714602,0.824818554277461,1.0374397549058247,False,0.3106593295806987,False,0.24095040684551752,False,0.228679784274681,False
TypeScript,vuln_critical,log_forks,6180,0.18315754694043326,0.06097120851483267,0.002664547998279902,1.2010036076203652,1.0657259116517763,1.3534527496676239,False,0.012574694241889,True,0.006255895300309336,True,0.009992054993549633,True
TypeScript,vuln_critical,owner_is_org,6180,0.32273266405419393,0.09920925034723375,0.0011417335583519229,1.3808961383807252,1.1368782243527722,1.6772897080339342,False,0.00604447177951018,True,0.003082680607550192,True,0.005040064255132748,True
TypeScript,vuln_major,staleness_days,6180,-0.0002865325128721971,0.0001653595413323414,0.08313391137903188,0.9997135085336478,0.9993895551389412,1.000037566938259,False,0.17536059431514536,False,0.12470086706854783,False,0.14496328600025873,False
TypeScript,vuln_major,commits_last_12m,6180,0.0028135446850781126,0.00036737223709079874,1.880199688063373e-14,1.0028175064165572,1.002095701250058,1.003539831496172,False,1.0153078315542215e-12,True,2.538269578885554e-13,True,5.640599064190119e-13,True
TypeScript,vuln_major,repo_age_days,6180,-4.2019645058632965e-05,5.4941936263431334e-05,0.4443900818983475,0.9999579812377543,0.9998503073436881,1.0000656667272236,False,0.5768525101565087,False,0.533268098278017,False,0.5175387380535974,False
TypeScript,vuln_major,log_stars,6180,-0.09186794319437347,0.040229756432242636,0.022396115162427736,0.9122256071909858,0.8430602800877168,0.9870653120182348,False,0.06444779880198857,False,0.04479223032485547,True,0.07465371720809245,False
TypeScript,vuln_major,log_forks,6180,0.2220011797654452,0.0416593115966274,9.877185598862232e-08,1.24857285088652,1.1506769592675308,1.3547974098336333,False,2.051415470532925e-06,True,8.889467038976009e-07,True,7.407889199146675e-07,True
TypeScript,vuln_major,owner_is_org,6180,0.1336295083030859,0.06565043558569397,0.0418035793958314,1.1429692805623588,1.00496932533023,1.2999190556189002,False,0.10185606770319272,False,0.06650602067679054,False,0.08957909870535301,False
TypeScript,vuln_minor,staleness_days,6180,-0.0003378734665083467,0.00014239090412202358,0.017651024744577155,0.9996621836063033,0.9993832357669875,0.9999412093055375,False,0.05545611504221889,False,0.03812621344828666,True,0.03782362445266533,True
TypeScript,vuln_minor,commits_last_12m,6180,0.0028337774179036717,0.0003622190384351635,5.142330789178909e-15,1.002837796360497,1.0021260980961841,1.003550000064615,False,3.4710732826957636e-13,True,9.256195420522037e-14,True,1.5426992367536728e-13,True
TypeScript,vuln_minor,repo_age_days,6180,-0.00016298518436438383,4.868589916191447e-05,0.0008148879258446383,0.9998370280969993,0.9997416255911414,0.9999324397068473,False,0.00458374458287609,True,0.0023159972629268667,True,0.00349237682504845,True
TypeScript,vuln_minor,log_stars,6180,-0.05115739102807128,0.03795741480662369,0.17773638682504522,0.9501291169650212,0.8820094074445691,1.0235098756148642,False,0.307620669504886,False,0.23994412221381106,False,0.2962273113750754,False
TypeScript,vuln_minor,log_forks,6180,0.19412537594781892,0.03958993374355446,9.419075492402987e-07,1.2142485109711185,1.1235918150669302,1.312219817396722,False,1.3385002015520032e-05,True,5.651445295441792e-06,True,9.419075492402986e-06,True
TypeScript,vuln_minor,owner_is_org,6180,0.22034162111642985,0.06451821260496304,0.0006373874406044071,1.2465024894312065,1.0984369865979642,1.414526709420506,False,0.003741187151373694,True,0.0019121623218132215,True,0.0031869372030220353,True
TypeScript,vuln_info,staleness_days,6180,-3.6846304738139866e-05,0.00022205712476542223,0.8682107409565881,0.9999631543740786,0.9995280411358505,1.000398457025232,False,0.9376676002331151,False,0.9064558199934817,False,0.9302257938820587,False
TypeScript,vuln_info,commits_last_12m,6180,0.0017496282317431557,0.00035839584452725077,1.051048890258147e-06,1.0017511597242683,1.001047733774211,1.0024550799645087,False,1.4189160018484985e-05,True,5.675664007393994e-06,True,1.5765733353872206e-05,True
TypeScript,vuln_info,repo_age_days,6180,-3.6916707168868586e-05,7.917611377824921e-05,0.6410289333085575,0.9999630839742444,0.9998079194112288,1.000118272617927,False,0.7624125285991241,False,0.7365013276311086,False,0.8396928071558748,False
TypeScript,vuln_info,log_stars,6180,-0.061071286079069156,0.052378510963113446,0.24363032933165707,0.9407561745665852,0.8489701255232359,1.0424656338050766,False,0.3802323058933376,False,0.3059543670676624,False,0.456806867496857,False
TypeScript,vuln_info,log_forks,6180,0.19717204071242128,0.05370093840624366,0.00024097217832507148,1.21795356028065,1.096277264949081,1.353134761094595,False,0.0016682689268658795,True,0.0009294641163967043,True,0.001807291337438036,True
TypeScript,vuln_info,owner_is_org,6180,0.4710953279672536,0.08932406394566071,1.3348015716551957e-07,1.6017476717463606,1.3445015904828943,1.9082131416619759,False,2.574260173906449e-06,True,1.0297040695625797e-06,True,4.004404714965587e-06,True
JavaScript,bugs,staleness_days,3698,0.0006220924615156177,0.0009803507980071598,0.5257147183211179,1.000622286001162,0.9987014840076375,1.0025467822720633,False,0.6571433979013974,False,0.5677718957868073,False,0.606593905755136,False
JavaScript,bugs,commits_last_12m,3698,-1.0828141895514942e-05,2.288926243486877e-06,2.237862118466216e-06,0.9999891719167286,0.9999846857623681,0.999993658091215,False,2.8772512951708492e-05,True,1.3427172710797297e-05,True,6.713586355398648e-05,True
JavaScript,bugs,repo_age_days,3698,0.0004529954625879556,0.0002466313197844425,0.06624957339020197,1.000453098080527,0.9999696074202147,1.000936822511163,False,0.14661790832257815,False,0.08725553568465626,False,0.1419633715504328,False
JavaScript,bugs,log_stars,3698,-0.4985613015354797,0.17937287959050605,0.005444790320377021,0.6074039024573208,0.4273612155350992,0.8632966383213626,False,0.022274142219724177,True,0.010470351463116982,True,0.01361197580094255,True
JavaScript,bugs,log_forks,3698,0.8284145750443882,0.23659555022808051,0.00046282858564189087,2.2896857361908416,1.4400758959140811,3.640544769474141,False,0.0029061329796118726,True,0.0013154075591927424,True,0.0020775692481207276,True
JavaScript,bugs,owner_is_org,3698,-0.970582673362966,0.3387784251437143,0.004170773293536936,0.3788622208531561,0.19503501247462524,0.7359528967059709,False,0.017595449832108947,True,0.00866237530196133,True,0.011374836255100735,True
JavaScript,code_smells,staleness_days,3698,-0.0017486560700613158,0.00044969191519512915,0.00010083882475973517,0.998252871938181,0.9973734194867317,0.9991330998630881,False,0.0008250449298523787,True,0.0003889497526446928,True,0.0010083882475973517,True
JavaScript,code_smells,commits_last_12m,3698,-2.9222976510320534e-06,2.675011631400193e-06,0.2746384446717376,0.9999970777066188,0.9999918348092286,1.0000023206314974,False,0.40520426263043247,False,0.3089682502557048,False,0.4119576670076064,False
JavaScript,code_smells,repo_age_days,3698,0.0005777143870184691,0.00020847032577538723,0.005584894217667305,1.0005778812961152,1.0001691343582564,1.0009867952797804,False,0.022326484737528865,True,0.010470351463116982,True,0.02393526093285988,True
JavaScript,code_smells,log_stars,3698,-0.3456841483708232,0.1514245182634614,0.022437381805136762,0.7077359913734526,0.525991224131879,0.9522786892729186,False,0.06444779880198857,False,0.03274644912101041,True,0.0738703734159316,False
JavaScript,code_smells,log_forks,3698,0.34415327257386413,0.1288099910825922,0.007544780200015098,1.4107948550956235,1.0960253624757,1.8159635637158074,False,0.028691417662029248,True,0.013142520348413397,True,0.028292925750056618,True
JavaScript,code_smells,owner_is_org,3698,-0.7296560938454622,0.2361776057226213,0.0020053548851059013,0.4820747500591246,0.3034447599746233,0.7658595411698738,False,0.009844469435974425,True,0.004708224512857333,True,0.012032129310635409,True
JavaScript,vulnerabilities,staleness_days,3698,-0.0011080929517764944,0.00041054909416915166,0.006953751460600024,0.9988925207565155,0.9980890737586594,0.9996966145173664,False,0.02721033180234792,True,0.012516752629080042,True,0.034768757303000115,True
JavaScript,vulnerabilities,commits_last_12m,3698,-7.556111615983383e-07,7.956253523098194e-06,0.9243380802354606,0.9999992443891239,0.9999836505521349,1.0000148384692846,False,0.9748878189983373,False,0.9417784213719786,False,0.9243380802354606,False
JavaScript,vulnerabilities,repo_age_days,3698,-8.276055491352666e-05,0.0001220085954378566,0.4975704598662789,0.9999172428696467,0.9996781587942198,1.0001563841246714,False,0.6294691522812125,False,0.5483429557710012,False,0.574119761384168,False
JavaScript,vulnerabilities,log_stars,3698,-0.5438615739251516,0.12025681677824605,6.111319836385022e-06,0.5805022662294259,0.458607477466264,0.7347958715354533,False,7.174158068799808e-05,True,3.300112711647912e-05,True,9.166979754577533e-05,True
JavaScript,vulnerabilities,log_forks,3698,0.5788405462698618,0.09369310204467002,6.489870232688603e-10,1.7839688018806823,1.4846891751194657,2.143576406036309,False,2.023900976106213e-08,True,9.107554392477958e-09,True,1.946961069806581e-08,True
JavaScript,vulnerabilities,owner_is_org,3698,-1.0757821874591231,0.2837089585412052,0.00014952843266291115,0.34103090085567617,0.1955690962900009,0.594685344181244,False,0.0011214632449718337,True,0.0004749726684586589,True,0.0011214632449718337,True
JavaScript,security_hotspots,staleness_days,3698,-0.000943836333501812,0.00046949113845292474,0.04439532461169352,0.999056608939911,0.9981377141542367,0.9999763496686002,False,0.106077324293427,False,0.06147044946234488,False,0.1109883115292338,False
JavaScript,security_hotspots,commits_last_12m,3698,2.089607447267825e-05,1.6804559551645592e-05,0.21369230470098333,1.0000208962927972,0.999987959815459,1.0000538338549598,False,0.34757182089918975,False,0.2508561837794152,False,0.40067307131434376,False
JavaScript,security_hotspots,repo_age_days,3698,4.55065893464243e-05,0.00012306398143612594,0.7115464771184129,1.000045507624787,0.999804324764834,1.0002867486652962,False,0.8192580720365144,False,0.7389136493152749,False,0.889433096398016,False
JavaScript,security_hotspots,log_stars,3698,-0.4381160314679593,0.10374524093781551,2.4107306802876386e-05,0.6452509091033375,0.5265268417250578,0.7907455094494361,False,0.00024107306802876384,True,0.0001001380436427173,True,0.0001808048010215729,True
JavaScript,security_hotspots,log_forks,3698,0.6056205746554048,0.09558270464947918,2.356698703222589e-10,1.8323889902866424,1.5193489428043023,2.2099264475258718,False,9.090123569572843e-09,True,6.36308649870099e-09,True,3.5350480548338833e-09,True
JavaScript,security_hotspots,owner_is_org,3698,-0.84751834596206,0.1968832962096913,1.6723204163633122e-05,0.4284769451701293,0.2912997376338291,0.6302528592494177,False,0.00017366404323772858,True,7.525441873634906e-05,True,0.0001672320416363312,True
JavaScript,vuln_blocker,staleness_days,3698,-0.0012709977018906039,0.0003495482836483005,0.0002767809763364326,0.9987298096735948,0.9980458121675782,0.9994142759482617,False,0.001822703990508215,True,0.0008303429290092978,True,0.0016606858580185957,True
JavaScript,vuln_blocker,commits_last_12m,3698,2.0941256301015494e-05,1.6346370670647113e-06,1.4237776830449136e-37,1.0000209414755707,1.0000177375838308,1.0000241453775751,False,3.8441997442212667e-35,True,7.688399488442534e-36,True,4.2713330491347407e-36,True
JavaScript,vuln_blocker,repo_age_days,3698,0.0003396996096863029,0.00010579598336243982,0.0013232307638629283,1.0003397573141326,1.000132352050347,1.000547205589169,False,0.006740986910245106,True,0.0032479300567544605,True,0.004962115364485981,True
JavaScript,vuln_blocker,log_stars,3698,-0.3202275201254054,0.09544318868899387,0.0007931803838509583,0.725983842346988,0.6021234835538652,0.8753230088919906,False,0.004556568162548058,True,0.0021415870363975876,True,0.0033993445022183926,True
JavaScript,vuln_blocker,log_forks,3698,0.36883775161874255,0.0728060097994554,4.0618850183563684e-07,1.4460529648876073,1.253751923579614,1.667849227532974,False,6.854430968476371e-06,True,3.13345415701777e-06,True,3.046413763767276e-06,True
JavaScript,vuln_blocker,owner_is_org,3698,-1.1621963526310493,0.2164203760301256,7.869845527016353e-08,0.3127984102543225,0.2046666962066986,0.4780594364938456,False,1.7707152435786793e-06,True,7.082860974314718e-07,True,1.180476829052453e-06,True
JavaScript,vuln_critical,staleness_days,3698,-0.0012999813460635183,0.0003007834366554577,1.546320660165649e-05,0.9987008632636546,0.9981122779437017,0.9992897956714918,False,0.0001670026312978901,True,7.525441873634906e-05,True,0.00011597404951242367,True
JavaScript,vuln_critical,commits_last_12m,3698,-8.46798001932588e-06,3.455991045849543e-06,0.01427641763672851,0.9999915320558339,0.9999847585181525,0.9999983056393968,False,0.047007716608740216,True,0.02267431036421587,True,0.04282925291018553,True
JavaScript,vuln_critical,repo_age_days,3698,0.0004932964328296425,0.00010024815498965283,8.621177314593321e-07,1.000493418123524,1.000296857713066,1.000690017158511,False,1.2931765971889983e-05,True,5.819294687350492e-06,True,1.2931765971889983e-05,True
JavaScript,vuln_critical,log_stars,3698,-0.2110800407376514,0.09094456163035268,0.020288200989368725,0.8097092545614797,0.6775119377265498,0.9677011435732445,False,0.060864602968106175,False,0.030432301484053088,True,0.05140722237991795,False
JavaScript,vuln_critical,log_forks,3698,0.1504494712873803,0.07445119378349768,0.04330256088167021,1.162356571238125,1.0045380788987635,1.3449692222534557,False,0.10439010212545498,False,0.06147044946234488,False,0.08660512176334043,False
JavaScript,vuln_critical,owner_is_org,3698,-0.5365116064738695,0.1624645460028578,0.0009588505918554474,0.5847846574309784,0.4253102971983811,0.8040555279741024,False,0.005283462444917771,True,0.0024656158076282932,True,0.005040064255132748,True
JavaScript,vuln_major,staleness_days,3698,-0.0012593835380338995,0.00020405035258179696,6.746336587020709e-10,0.9987414091526119,0.9983420610216854,0.9991409170273136,False,2.023900976106213e-08,True,9.107554392477958e-09,True,1.0119504880531065e-08,True
JavaScript,vuln_major,commits_last_12m,3698,-2.9272023401063883e-07,4.168986472466723e-06,0.9440235189488491,0.9999997072798088,0.9999915362522457,1.0000078783741382,False,0.9765385057692708,False,0.9440235189488491,False,0.9765760540850162,False
JavaScript,vuln_major,repo_age_days,3698,0.00025392165754608973,8.464511789135145e-05,0.0027012306149243035,1.000253953898379,1.00008802414891,1.0004199111781065,False,0.012574694241889,True,0.006077768883579683,True,0.016207383689545822,True
JavaScript,vuln_major,log_stars,3698,-0.12012029014114844,0.07564438114931996,0.11229526889779529,0.8868137553491244,0.7646167486647701,1.0285396416567563,False,0.21812750073672466,False,0.13781692092002149,False,0.17730831931230837,False
JavaScript,vuln_major,log_forks,3698,0.128967838091256,0.0646264082316662,0.04597852829413312,1.1376535344681797,1.0023050580779407,1.2912790911879228,False,0.10794958816883428,False,0.062071013197079715,False,0.09195705658826624,False
JavaScript,vuln_major,owner_is_org,3698,-0.25848764654367773,0.14910362943423877,0.08298718167416255,0.7722185705586444,0.5765314483989118,1.0343260933496055,False,0.17536059431514536,False,0.10421646070708786,False,0.14496328600025873,False
JavaScript,vuln_minor,staleness_days,3698,-0.001013221542134564,0.0001752805044593585,7.444715397629758e-09,0.9989872915934909,0.9986441549714733,0.9993305461181075,False,2.0100731573600347e-07,True,8.04029262944014e-08,True,1.1167073096444637e-07,True
JavaScript,vuln_minor,commits_last_12m,3698,2.178792884499825e-05,5.744189208488247e-05,0.7044622665302653,1.0000217881662037,0.9999092080109969,1.0001343809968526,False,0.8163296650779899,False,0.7389136493152749,False,0.7827358517002948,False
JavaScript,vuln_minor,repo_age_days,3698,8.982322700528326e-05,7.43818972270422e-05,0.2272029808476016,1.0000898272612322,0.9999440389532163,1.000235636824668,False,0.36545619895043596,False,0.2610417226759678,False,0.3460648334400886,False
JavaScript,vuln_minor,log_stars,3698,-0.16284679000890653,0.0641779409843372,0.01116709048489887,0.8497213642448647,0.7492869612981712,0.9636179917013541,False,0.039996800857444906,True,0.018844465193266845,True,0.03312428808668684,True
JavaScript,vuln_minor,log_forks,3698,0.21196437864482998,0.0548109767783083,0.00011009732923249496,1.2361038525998993,1.1101962907480183,1.3762906137822017,False,0.0008743023203756954,True,0.00039462314900389357,True,0.0006605839753949698,True
JavaScript,vuln_minor,owner_is_org,3698,-0.31308261360945217,0.1269588699142262,0.013662520399559635,0.7311895038695179,0.5701148620082499,0.9377725896947676,False,0.045541734665198785,True,0.022356851562915763,True,0.03364708485886749,True
JavaScript,vuln_info,staleness_days,3698,-0.0009626348185134508,0.00024987376771269903,0.00011692537748263513,0.9990378283657457,0.9985486757871792,0.9995272205623209,False,0.0009019957691517568,True,0.00039462314900389357,True,0.0011692537748263512,True
JavaScript,vuln_info,commits_last_12m,3698,-1.9773189564357692e-05,1.122819057231881e-05,0.07823318801897887,0.9999802270059238,0.999958220834076,1.0000022336620635,False,0.17034645778326044,False,0.10058552745297283,False,0.23469956405693662,False
JavaScript,vuln_info,repo_age_days,3698,0.00021449178485991944,9.056715689243714e-05,0.017869192624714977,1.0002145147898676,1.0000369841030636,1.0003920769926506,False,0.05545611504221889,False,0.027569611478131677,True,0.06700947234268116,False
JavaScript,vuln_info,log_stars,3698,-0.22757371029405796,0.08218642138488823,0.00562296652648875,0.7964637117593621,0.677967358350393,0.9356710707916528,False,0.022326484737528865,True,0.010470351463116982,True,0.02811483263244375,True
JavaScript,vuln_info,log_forks,3698,0.20734151546023993,0.07165460428107123,0.0038082333391848792,1.2304027015811692,1.069189699868906,1.4159234869582624,False,0.0166631316439465,True,0.008225784012639339,True,0.022849400035109275,True
JavaScript,vuln_info,owner_is_org,3698,-0.2497133159391012,0.16839408179936846,0.1380982483106647,0.7790240848495278,0.5600329534848809,1.0836478835741012,False,0.25250253928342126,False,0.16571789797279762,False,0.3452456207766617,False
